-- phpMyAdmin SQL Dump
-- version 4.5.1
-- http://www.phpmyadmin.net
--
-- Host: 127.0.0.1
-- Generation Time: 04 Des 2019 pada 07.17
-- Versi Server: 10.1.16-MariaDB
-- PHP Version: 5.6.24

SET SQL_MODE = "NO_AUTO_VALUE_ON_ZERO";
SET time_zone = "+00:00";


/*!40101 SET @OLD_CHARACTER_SET_CLIENT=@@CHARACTER_SET_CLIENT */;
/*!40101 SET @OLD_CHARACTER_SET_RESULTS=@@CHARACTER_SET_RESULTS */;
/*!40101 SET @OLD_COLLATION_CONNECTION=@@COLLATION_CONNECTION */;
/*!40101 SET NAMES utf8mb4 */;

--
-- Database: `sp_cf`
--

-- --------------------------------------------------------

--
-- Struktur dari tabel `cf_gejala`
--

CREATE TABLE `cf_gejala` (
  `id_gejala` int(11) NOT NULL,
  `kd_gejala` char(4) NOT NULL,
  `gejala` varchar(200) NOT NULL,
  `informasi` varchar(150) NOT NULL
) ENGINE=MyISAM DEFAULT CHARSET=utf8;

--
-- Dumping data untuk tabel `cf_gejala`
--

INSERT INTO `cf_gejala` (`id_gejala`, `kd_gejala`, `gejala`, `informasi`) VALUES
(1, 'G001', 'Nyeri ringan hingga tajam saat mengonsumsi makanan manis, panas, atau dingin', ''),
(2, 'G002', 'gigi berlubang', '-'),
(3, 'G003', 'noda berwarna coklat/hitam pada permukaan gigi', '-'),
(4, 'G004', 'Bau mulut', '-'),
(5, 'G005', 'demam', '-'),
(6, 'G006', 'gigi membusuk', '-'),
(7, 'G007', 'kelenjar getah bening yang membengkak.', '-'),
(8, 'G008', 'Gusi mudah berdarah ketika menyikat gigi atau membersihkan sela gigi', '-'),
(9, 'G009', 'Gusi bengkak dan sakit berwarna merah keunguan.', '-'),
(11, 'G011', 'Gusi menyusut, sehingga akar gigi terlihat.\r\nTerdapat nanah antara gigi dan gusi.\r\n', '-'),
(12, 'G012', 'Gigi tanggal atau copot.', '-'),
(13, 'G013', 'Gusi terasa lunak jika disentuh.', '-'),
(14, 'G014', 'Jarak antara satu gigi dan gigi lainnya terasa renggang.', '-'),
(15, 'G015', 'Penumpukan plak dan karang gigi pada gigi.', '-'),
(16, 'G016', 'Penyusutan gusi, sehingga ukuran gigi terlihat lebih tinggi dari biasanya.', '-'),
(17, 'G017', 'Bengkak pada lidah.', '-'),
(18, 'G018', 'Kesulitan saat menggigit, mengunyah, atau berbicara karena ukuran lidah menjadi lebih besar dari sebelumnya.', '-'),
(19, 'G019', 'Rasa sakit pada area lidah.', '-'),
(20, 'G020', 'Warna lidah berubah menjadi pucat ataupun merah terang.', '-'),
(21, 'G021', 'Permukaan atau tekstur lidah menjadi licin', '-'),
(10, 'G010', 'Warna gusi merah kehitaman', '-');

-- --------------------------------------------------------

--
-- Struktur dari tabel `cf_konsultasi`
--

CREATE TABLE `cf_konsultasi` (
  `id_konsultasi` int(11) NOT NULL,
  `nama` varchar(50) NOT NULL,
  `kelamin` enum('P','W') CHARACTER SET latin1 NOT NULL,
  `alamat` varchar(100) NOT NULL,
  `pekerjaan` varchar(60) NOT NULL,
  `tanggal` datetime NOT NULL,
  `sesi` char(15) NOT NULL,
  `status` int(1) NOT NULL
) ENGINE=MyISAM DEFAULT CHARSET=utf8;

--
-- Dumping data untuk tabel `cf_konsultasi`
--

INSERT INTO `cf_konsultasi` (`id_konsultasi`, `nama`, `kelamin`, `alamat`, `pekerjaan`, `tanggal`, `sesi`, `status`) VALUES
(64, 'Dwi sujianto', 'P', 'Perum telang asri', 'guru', '2019-11-20 20:36:12', '978201911202036', 1),
(65, 'syahronxxx', 'P', 'jl.kusuma bangsa', '', '2019-11-20 20:42:36', '448201911202042', 1),
(66, 'anisaxxxx', 'P', 'JL KH MOH KHOLIL III/24', '', '2019-11-20 20:47:49', '544201911202047', 1),
(67, 'VTWXXX', 'P', 'JL PESALAKAN NO. 1', '', '2019-11-20 20:51:54', '517201911202051', 1),
(68, 'MBR', 'P', 'KLAMPIS TIMUR', '', '2019-11-20 20:54:15', '525201911202054', 1),
(69, 'BAHRUDXX', 'P', 'DSN GLUGUR', '', '2019-11-20 20:58:03', '729201911202058', 1),
(70, 'HSXX', 'P', 'JL ARUM DALU 04', '', '2019-11-20 22:05:00', '195201911202205', 1),
(71, 'MUUXXX', 'P', 'DSN BARAALAH', '', '2019-11-20 22:07:57', '505201911202207', 1),
(72, 'SSXXX', 'P', 'JL PELABUHAN', '', '2019-11-20 22:10:18', '224201911202210', 1),
(73, 'SHPXXX', 'P', 'JL TRUNOJOYO-BKL', '', '2019-11-20 22:13:28', '137201911202213', 1),
(74, 'AIBS', 'P', 'JL KRAMAT NO 24', '', '2019-11-20 22:18:56', '919201911202218', 1),
(75, 'DYXXX', 'P', 'JL KH MOH HOLIL V / 69', '', '2019-11-20 22:21:07', '562201911202221', 1),
(76, 'MBSXXX', 'P', 'JL ANGGREK NO.98', '', '2019-11-20 22:24:36', '196201911202224', 1),
(78, 'MHXX', 'P', 'JL LETNAN SINGOSASTRO NO 24', '', '2019-11-20 22:35:45', '552201911202235', 1),
(79, 'HBHXXX', 'P', 'JL KH MOH CHOLIL', '', '2019-11-21 04:42:11', '435201911210442', 1),
(80, 'ELOXX', 'P', 'KMP PENYAGERAN', '', '2019-11-21 04:43:44', '749201911210443', 1),
(81, 'NIBSXX', 'P', 'KMP SRANGGEEN', '', '2019-11-21 04:45:31', '268201911210445', 1),
(82, 'PAWXX', 'P', 'PERUM ISTANA TAJ MAHAL BLOK G/18', '', '2019-11-21 04:46:32', '978201911210446', 1),
(83, 'ABDULXX', 'P', 'JL JAMBU III/22', '', '2019-11-21 04:48:17', '319201911210448', 1),
(84, 'SRBMH', 'P', 'KMP LEBAN', '', '2019-11-21 04:49:03', '843201911210449', 1),
(85, 'SAADATUTXX', 'P', 'JALAN GELORA NO 5 PECINAN', '', '2019-11-21 04:49:52', '486201911210449', 1),
(86, 'FANNYXXX', 'P', 'DSN BULUH', '', '2019-11-21 04:51:15', '931201911210451', 1),
(87, 'FANYXX', 'P', 'GRIYA ABADI AE/5', '', '2019-11-21 04:52:28', '863201911210452', 1),
(88, 'WIWIK', 'P', 'TANJUNG JATI NO.27', '', '2019-11-21 04:53:15', '788201911210453', 1),
(89, 'SUMIDAHXX', 'P', 'DUSUN TAPOSAN', '', '2019-11-21 04:54:33', '618201911210454', 1),
(90, 'MEIXX', 'P', 'KMP PANDIYAN', '', '2019-11-21 04:55:10', '495201911210455', 1),
(91, 'HISBUL', 'P', 'JL KH SADELY MAHDI', '', '2019-11-21 04:56:12', '463201911210456', 1),
(92, 'DANISH', 'P', 'DSN PESISIR', '', '2019-11-21 04:57:02', '443201911210457', 1),
(93, 'MUAWWB', 'P', 'DSN DERMAH', '', '2019-11-21 04:58:34', '635201911210458', 1),
(94, 'APN', 'P', 'JL RAYA SABIYAN', '', '2019-11-21 04:59:12', '206201911210459', 1),
(95, 'ASXX', 'P', 'JL.LETNAN SUNARTO 26', '', '2019-11-21 05:00:09', '666201911210500', 1),
(96, 'NUSRSAXX', 'P', 'JL.MASJID-BURNEH', '', '2019-11-21 05:00:52', '117201911210500', 1),
(97, 'SRIXX', 'P', 'JL RAYA SABIYAN', '', '2019-11-21 05:01:39', '960201911210501', 1),
(98, 'SRIXX', 'P', 'JL.KH MOH YASIN ', '', '2019-11-21 05:25:03', '146201911210525', 1),
(99, 'arakixxx', 'P', 'JL.MAYJEN SUNGKONO NO.31', '', '2019-11-21 05:28:47', '769201911210528', 1),
(100, 'pribaxx', 'P', 'JL SALAK VIII/2', '', '2019-11-21 05:29:29', '570201911210529', 1),
(101, 'sbaaxx', 'P', 'DSN UJUNG PIRING BARAT', '', '2019-11-21 05:30:17', '665201911210530', 1),
(102, 'Makidxx', 'P', 'DSN BINDENG', '', '2019-11-21 05:31:05', '851201911210531', 1),
(103, 'soertjaxxx', 'P', 'JL LAUT BANDA', '', '2019-11-21 05:31:49', '518201911210531', 1),
(104, 'sbskxx', 'P', 'JL.JAMBU III/12', '', '2019-11-21 05:32:36', '311201911210532', 1),
(105, 'maslahaxx', 'P', 'DSN MORKONAH', '', '2019-11-21 05:33:43', '171201911210533', 1),
(106, 'yulixx', 'P', 'JL.HOS COKROAMINOTO 13', '', '2019-11-21 05:34:15', '606201911210534', 1),
(107, 'halyaqxx', 'P', 'JL LAUT BANDA XI/18', '', '2019-11-21 05:35:53', '111201911210535', 1),
(108, 'radenxx', 'P', 'JL.TRUNOJOYO VIIA/15', '', '2019-11-21 05:36:31', '100201911210536', 1),
(109, 'Rizxxx', 'P', 'JL KH MOH KHOLIL III', '', '2019-11-21 05:37:18', '350201911210537', 1),
(110, 'rbmxx', 'P', 'BABRIK', '', '2019-11-21 05:38:32', '843201911210538', 1),
(111, 'moifaxx', 'P', 'DSN KARANG ANYAR ', '', '2019-11-21 05:39:17', '195201911210539', 1),
(112, 'noviaxx', 'P', 'TELANG INDAH GG III / F 04', '', '2019-11-21 05:41:20', '245201911210541', 1),
(113, 'mohbadxx', 'P', 'JL RAYA KRATON', '', '2019-11-21 05:42:19', '724201911210542', 1),
(114, 'mukhinxx', 'P', 'DSN BALONG', '', '2019-11-21 05:43:18', '749201911210543', 1),
(115, 'wakiatuxx', 'P', 'JL PERTEMPURAN IV/19', '', '2019-11-21 05:43:49', '965201911210543', 1),
(116, 'adelrhxx', 'P', 'KMP PEKADAN', '', '2019-11-21 05:45:28', '607201911210545', 1),
(117, 'syafirbmaxx', 'P', 'JL KH MOH HOLIL', '', '2019-11-21 05:46:20', '366201911210546', 1),
(118, 'sitiambxx', 'P', 'JL. TRUNOJOYO GG VII A', '', '2019-11-21 05:47:07', '856201911210547', 1),
(119, 'srustonxx', 'P', 'JL TRUNOJOYO GG VIII', '', '2019-11-21 05:48:38', '370201911210548', 1),
(120, 'azaryhxx', 'P', 'JL KH MOH KHOLIL GG X NO 8', '', '2019-11-21 05:55:44', '594201911210555', 1),
(121, 'priscilrbxx', 'P', 'JL LET SINGOSASTRO 03', '', '2019-11-21 05:56:44', '596201911210556', 1),
(122, 'suherxx', 'P', 'DSN.TEREMAN ', '', '2019-11-21 05:59:19', '350201911210559', 1),
(123, 'ubaydilxx', 'P', 'KMP KEJAWAN', '', '2019-11-21 05:59:56', '406201911210559', 1),
(124, 'tatikxx', 'P', 'JL.TRUNOJOYO III/74', '', '2019-11-21 06:00:38', '966201911210600', 1),
(125, 'trilinaxx', 'P', 'DSN BANDUNG BARAT ', '', '2019-11-21 06:01:31', '487201911210601', 1),
(126, 'yennyxx', 'P', 'KMP TIMUR PASAR', '', '2019-11-21 06:02:09', '665201911210602', 1),
(127, 'munawxx', 'P', 'DSN.KARANG MANERON', '', '2019-11-21 06:03:21', '820201911210603', 1),
(128, 'feraxx', 'P', 'KMP PENYAGERAN', '', '2019-11-21 06:04:38', '232201911210604', 1),
(129, 'arifxx', 'P', 'KMP KARANG', '', '2019-11-21 06:05:28', '460201911210605', 1),
(130, 'iqbalxxx', 'P', 'JL.HOS COKRO AMINOTO NO.11', '', '2019-11-21 06:06:21', '985201911210606', 1),
(131, 'yunixx', 'P', 'JL KOL ABD HAMED 101', '', '2019-11-21 06:07:18', '909201911210607', 1),
(132, 'halimatuxx', 'P', 'JL. MAYJEND SUNGKONO ', '', '2019-11-21 06:10:00', '952201911210610', 1),
(133, 'intanxxx', 'P', 'KMP SEBANEH', '', '2019-11-21 06:11:02', '488201911210611', 1),
(134, 'megaxx', 'P', 'JL. LAUT ARAFURU IV/06', '', '2019-11-21 06:11:52', '945201911210611', 1),
(135, 'triasxx', 'P', 'DSN LANGGULANG', '', '2019-11-21 06:13:10', '419201911210613', 1),
(136, 'mohhamzaxx', 'P', 'JL.SOEKARNO HATTA NO.24', '', '2019-11-21 06:14:20', '736201911210614', 1),
(137, 'sriasxx', 'P', 'PERUM BANGKALAN INDAH T.M 61B', '', '2019-11-21 06:15:40', '993201911210615', 1),
(138, 'nanikxx', 'P', 'JL.TRUNOJOYO BANGKALAN', '', '2019-11-21 06:16:24', '629201911210616', 1),
(139, 'mustofxx', 'P', 'DS.BHULUH DAKIRING', '', '2019-11-21 06:18:07', '448201911210618', 1),
(140, 'sruagusxx', 'P', 'JL KH MOH TOHA', '', '2019-11-21 06:18:56', '341201911210618', 1),
(141, 'masrumxx', 'P', 'JL.PEMUDA KAFFA RT01/01-JUNOK', '', '2019-11-21 06:21:51', '145201911210621', 1),
(142, '', 'P', 'JL PAHLAWAN NO 191', '', '2019-11-21 06:22:51', '572201911210622', 1),
(143, 'hsxx', 'P', 'JL ARUM DALU 04', '', '2019-11-21 06:23:41', '742201911210623', 1),
(144, 'moharsoxx', 'P', 'JL.LETNAN MESTU', '', '2019-11-21 06:24:35', '979201911210624', 1),
(146, 'anisaxx', 'P', 'JL KH MOH KHOLIL III/24', '', '2019-11-21 06:30:00', '857201911210630', 1),
(147, 'titikxx', 'P', 'JL RAMBUTAN / KELEYAN', '', '2019-11-21 06:31:08', '599201911210631', 1),
(148, 'mustain', 'P', 'KLAMPIS TIMUR', '', '2019-11-21 06:32:19', '708201911210632', 1),
(149, 'sumarnixx', 'P', 'JL. RAYA LET ABDULLAH NO 225', '', '2019-11-21 06:34:35', '133201911210634', 1),
(150, 'mastufahxx', 'P', 'JL KH M KHOLIL GG III / NO 10', '', '2019-11-21 06:35:57', '219201911210635', 1),
(151, 'sriendahxx', 'P', 'JL YAKURT ED/ 2 TAMAN GILI', '', '2019-11-21 06:36:55', '665201911210636', 1),
(152, 'fatonaxx', 'P', 'DSN TUNJUNG', '', '2019-11-21 06:37:46', '737201911210637', 1),
(153, 'silvaxx', 'P', 'JL KH MOH HOLIL V / 69', '', '2019-11-21 06:38:51', '461201911210638', 1),
(154, 'dianaxx', 'P', 'JL PANCAR BARAT NO 31', '', '2019-11-21 06:39:36', '543201911210639', 1),
(155, 'sufixxx', 'P', 'JL HOS COKROAMINOTO NO 02', '', '2019-11-21 06:41:25', '236201911210641', 1),
(156, 'bambangxx', 'P', 'JL.PANCAR SELATAN 168', '', '2019-11-21 07:05:09', '926201911210705', 1),
(157, 'hisbulxx', 'P', 'JL KH SADELY MAHDI', '', '2019-11-21 07:05:51', '226201911210705', 1),
(158, 'misnatunxx', 'P', 'JL.PEMUDA KAFFA', '', '2019-11-21 07:06:33', '562201911210706', 1),
(159, 'rochimahxx', 'P', 'JL PAHLAWAN NO 157', '', '2019-11-21 07:07:37', '861201911210707', 1),
(160, 'alaikxx', 'P', 'JL.KH.MOCH TOHA 79 KEMAYORAN BANGKALAN', '', '2019-11-21 07:08:35', '685201911210708', 1),
(161, 'andaruxx', 'P', 'JL LETNAN MESTU NO 34', '', '2019-11-21 07:09:33', '748201911210709', 1),
(162, 'diahxx', 'P', 'JL MAYJEN SUNGKONO', '', '2019-11-21 07:10:54', '362201911210710', 1),
(163, 'faradatulxx', 'P', 'JL RAYA DAYA SUNGAI', '', '2019-11-21 07:12:31', '936201911210712', 1),
(164, 'danisxx', 'P', 'DSN PESISIR', '', '2019-11-21 07:13:33', '772201911210713', 1),
(165, 'nailulxx', 'P', 'JL.KH.M.TOHA I/57 KEMAYORAN', '', '2019-11-21 07:14:14', '199201911210714', 1),
(166, 'vicixx', 'P', 'PERUM BANGKALAN INDAH BLOK MD NO.31', '', '2019-11-21 07:15:06', '477201911210715', 1),
(177, 'elfira putri sudrajat', 'P', 'ngawi jatim', '', '2019-11-21 11:02:01', '863201911211102', 1),
(176, 'kho', 'P', 'DSN KAPOR UTARA', '', '2019-11-21 10:51:03', '549201911211051', 1),
(175, 'achxx', 'P', 'JL PISANG LANGKAP NO. 94', '', '2019-11-21 10:49:52', '728201911211049', 1),
(174, 'shoxx', 'P', 'JL KH LEMAH DUWUR NO 18', '', '2019-11-21 10:48:48', '662201911211048', 1),
(173, 'herxx', 'P', 'JL. JOKOTOLE 1', '', '2019-11-21 10:46:33', '101201911211046', 1),
(178, 'elfira putri sudrajat', 'P', 'ngawi jatim', 'guru', '2019-11-21 19:27:23', '909201911211927', 1),
(179, 'adminsatu', 'P', 'ngawi jatim', 'guru', '2019-11-22 06:16:49', '478201911220616', 0),
(180, 'jjknkn', 'P', '', '', '2019-11-22 06:23:06', '956201911220623', 0),
(181, 'elfira', 'P', '', '', '2019-11-22 06:23:40', '611201911220623', 1),
(182, 'elfira putri sudrajat', 'P', 'ngawi jatim', 'guru', '2019-12-04 13:12:39', '972201912041312', 1);

-- --------------------------------------------------------

--
-- Struktur dari tabel `cf_konsultasi_gejala`
--

CREATE TABLE `cf_konsultasi_gejala` (
  `id_konsultasi_gejala` bigint(11) NOT NULL,
  `id_konsultasi` int(11) NOT NULL,
  `id_gejala` int(11) NOT NULL,
  `cf_user` double NOT NULL,
  `status` int(1) NOT NULL
) ENGINE=MyISAM DEFAULT CHARSET=utf8;

--
-- Dumping data untuk tabel `cf_konsultasi_gejala`
--

INSERT INTO `cf_konsultasi_gejala` (`id_konsultasi_gejala`, `id_konsultasi`, `id_gejala`, `cf_user`, `status`) VALUES
(1, 1, 1, 0.6, 1),
(2, 1, 2, 0.4, 1),
(3, 1, 3, 0.8, 1),
(4, 1, 4, 0.6, 1),
(5, 1, 5, 0.6, 1),
(6, 1, 6, 0.4, 1),
(39, 6, 8, -0.2, 1),
(38, 6, 5, -0.4, 1),
(37, 6, 3, 0.4, 1),
(36, 6, 1, 0.4, 1),
(35, 5, 8, -0.2, 1),
(34, 5, 6, 0.6, 1),
(33, 5, 4, -0.2, 1),
(32, 5, 3, -0.2, 1),
(31, 5, 1, 0.6, 1),
(40, 6, 11, -0.8, 1),
(41, 8, 1, 1, 1),
(42, 8, 2, 1, 1),
(43, 8, 3, 1, 1),
(44, 8, 4, 0.4, 0),
(45, 8, 5, 0.8, 0),
(46, 8, 6, 0.6, 0),
(47, 8, 7, 0.8, 0),
(48, 7, 1, -0.8, 1),
(49, 7, 2, 1, 1),
(50, 7, 3, 0.8, 1),
(51, 8, 8, -0.8, 1),
(52, 9, 1, 1, 1),
(53, 10, 1, 1, 1),
(54, 11, 1, -0.8, 0),
(55, 11, 2, -0.4, 0),
(56, 12, 1, 1, 1),
(57, 12, 2, 1, 1),
(58, 14, 1, 1, 1),
(59, 15, 1, -0.2, 1),
(60, 15, 2, -0.2, 1),
(61, 15, 3, 0.4, 1),
(62, 15, 4, -0.2, 1),
(63, 15, 5, 1, 1),
(64, 15, 6, -0.8, 1),
(65, 16, 1, -1, 1),
(66, 16, 2, 1, 1),
(67, 16, 3, -1, 1),
(68, 16, 4, 1, 1),
(69, 16, 5, 1, 1),
(70, 16, 6, 1, 1),
(71, 16, 7, 1, 1),
(72, 16, 8, 1, 1),
(73, 16, 9, 1, 1),
(74, 16, 10, 1, 1),
(75, 16, 11, 1, 1),
(76, 16, 12, 1, 1),
(77, 16, 13, 1, 1),
(78, 16, 14, 1, 1),
(79, 16, 15, 1, 1),
(80, 16, 16, 1, 1),
(81, 16, 17, 1, 1),
(82, 16, 18, 1, 1),
(83, 16, 19, 1, 1),
(84, 16, 20, 1, 1),
(85, 16, 21, 1, 1),
(86, 17, 1, -1, 1),
(87, 17, 2, -1, 1),
(88, 17, 3, -1, 1),
(89, 17, 4, -1, 1),
(90, 17, 5, -1, 1),
(91, 17, 6, -1, 1),
(92, 17, 7, -1, 1),
(93, 17, 8, -1, 1),
(94, 17, 9, -1, 1),
(95, 17, 10, -1, 1),
(96, 17, 11, -1, 1),
(97, 17, 12, -1, 1),
(98, 17, 13, -1, 1),
(99, 17, 14, -1, 1),
(100, 17, 15, -1, 1),
(101, 17, 16, -1, 1),
(102, 17, 17, -1, 1),
(103, 17, 18, -1, 1),
(104, 17, 19, -1, 1),
(105, 17, 20, -1, 1),
(106, 17, 21, -1, 1),
(107, 18, 1, 1, 1),
(108, 18, 2, 1, 1),
(109, 18, 3, 1, 1),
(110, 18, 4, -1, 1),
(111, 18, 5, -1, 1),
(112, 18, 6, -1, 1),
(113, 18, 8, 1, 1),
(114, 18, 9, -1, 1),
(115, 18, 10, 1, 1),
(116, 18, 11, -1, 1),
(117, 18, 12, 1, 1),
(118, 18, 13, 1, 1),
(119, 18, 14, 0.8, 1),
(120, 18, 15, -1, 1),
(121, 18, 16, -1, 1),
(122, 18, 17, -1, 1),
(123, 18, 18, -1, 1),
(124, 18, 19, -1, 1),
(125, 18, 20, -1, 1),
(126, 18, 21, -1, 1),
(127, 19, 1, 1, 1),
(128, 19, 2, 1, 1),
(129, 19, 3, 1, 1),
(130, 20, 1, 1, 1),
(131, 20, 2, 1, 1),
(132, 20, 3, 1, 1),
(133, 21, 1, 0.4, 1),
(134, 21, 2, 0.4, 1),
(135, 21, 3, 0.4, 1),
(136, 22, 1, 1, 1),
(137, 22, 2, 1, 1),
(138, 22, 3, 1, 1),
(139, 22, 4, 1, 1),
(140, 23, 1, 0.8, 1),
(141, 23, 4, 0.8, 1),
(142, 23, 5, 0.8, 1),
(143, 23, 6, 0.8, 1),
(144, 23, 8, 0.8, 1),
(145, 23, 9, 0.8, 1),
(146, 24, 1, 1, 1),
(147, 24, 2, 1, 1),
(148, 24, 3, 0.4, 1),
(149, 24, 4, 0.4, 1),
(150, 24, 5, 1, 1),
(151, 24, 6, 1, 1),
(152, 25, 1, 1, 1),
(153, 25, 2, 1, 1),
(154, 25, 3, 0.4, 1),
(155, 25, 4, 0.4, 1),
(156, 25, 5, -0.8, 1),
(157, 25, 6, 1, 0),
(158, 26, 1, 1, 1),
(159, 27, 1, 1, 1),
(160, 28, 1, 1, 1),
(161, 29, 1, 1, 1),
(162, 29, 2, 1, 1),
(163, 29, 3, 1, 1),
(164, 29, 4, 1, 1),
(165, 29, 5, -1, 1),
(166, 29, 6, -1, 1),
(167, 29, 8, -1, 1),
(168, 29, 9, -1, 1),
(169, 29, 10, -1, 1),
(170, 29, 11, -1, 1),
(171, 29, 12, -1, 1),
(172, 29, 13, -1, 1),
(173, 29, 14, -1, 1),
(174, 29, 15, -1, 1),
(175, 29, 16, -1, 1),
(176, 29, 17, -1, 1),
(177, 29, 18, -1, 1),
(178, 29, 19, -1, 1),
(179, 29, 20, -1, 1),
(180, 29, 21, -1, 1),
(181, 30, 1, 1, 1),
(182, 30, 2, 1, 1),
(183, 30, 3, 1, 1),
(184, 30, 4, 1, 1),
(185, 31, 1, 1, 1),
(186, 31, 4, -1, 1),
(187, 31, 5, -1, 1),
(188, 31, 6, -1, 1),
(189, 31, 8, -1, 1),
(190, 31, 9, -1, 1),
(191, 31, 10, -1, 1),
(192, 31, 11, -1, 1),
(193, 31, 12, -1, 1),
(194, 31, 13, -1, 1),
(195, 31, 2, -1, 1),
(196, 31, 3, -1, 1),
(197, 31, 7, -1, 1),
(198, 31, 14, -1, 1),
(199, 31, 15, -1, 1),
(200, 31, 16, -1, 1),
(201, 31, 17, 1, 1),
(202, 31, 18, 1, 1),
(203, 31, 19, 1, 1),
(204, 31, 20, 1, 1),
(205, 31, 21, 1, 1),
(206, 32, 1, 1, 1),
(207, 32, 2, -1, 1),
(208, 32, 3, -1, 1),
(209, 32, 4, 1, 1),
(210, 32, 5, -1, 1),
(211, 32, 6, -1, 1),
(212, 32, 7, -1, 1),
(213, 32, 8, -1, 1),
(214, 32, 9, -1, 1),
(215, 32, 10, 1, 1),
(216, 32, 11, 1, 1),
(217, 32, 12, 1, 1),
(218, 32, 13, -1, 1),
(219, 32, 14, -1, 1),
(220, 32, 15, -1, 1),
(221, 32, 16, -1, 1),
(222, 32, 17, -1, 1),
(223, 32, 18, -1, 1),
(224, 32, 19, -1, 1),
(225, 32, 20, -1, 1),
(226, 32, 21, -1, 1),
(227, 33, 1, 1, 1),
(228, 33, 2, -1, 1),
(229, 33, 3, -1, 1),
(230, 33, 4, 1, 1),
(231, 33, 5, -1, 1),
(232, 33, 6, -1, 1),
(233, 33, 7, -1, 1),
(234, 33, 8, 1, 1),
(235, 33, 9, 1, 1),
(236, 33, 10, -1, 1),
(237, 33, 11, -1, 1),
(238, 33, 12, -1, 1),
(239, 33, 13, 1, 1),
(240, 33, 14, 1, 1),
(241, 33, 15, 1, 1),
(242, 33, 16, 1, 1),
(243, 33, 17, -1, 1),
(244, 33, 18, -1, 1),
(245, 33, 19, -1, 1),
(246, 33, 20, -1, 1),
(247, 33, 21, -1, 1),
(248, 34, 1, 1, 1),
(249, 34, 2, -1, 1),
(250, 34, 3, -1, 1),
(251, 34, 4, -1, 1),
(252, 34, 5, -1, 1),
(253, 34, 6, -1, 1),
(254, 34, 7, -1, 1),
(255, 34, 8, -1, 1),
(256, 34, 9, -1, 1),
(257, 34, 10, -1, 1),
(258, 34, 11, -1, 1),
(259, 34, 12, -1, 1),
(260, 34, 13, -1, 1),
(261, 34, 14, -1, 1),
(262, 34, 15, -1, 1),
(263, 34, 16, -1, 1),
(264, 34, 17, 1, 1),
(265, 34, 18, 1, 1),
(266, 34, 19, 1, 1),
(267, 34, 20, 1, 1),
(268, 34, 21, 1, 1),
(269, 35, 2, 1, 0),
(270, 35, 1, 1, 1),
(271, 35, 17, 1, 1),
(272, 35, 18, 1, 1),
(273, 35, 19, 1, 1),
(274, 35, 20, 1, 1),
(275, 35, 21, 1, 1),
(276, 35, 4, 1, 0),
(277, 35, 8, 1, 0),
(278, 35, 9, 1, 0),
(279, 35, 13, 1, 0),
(280, 35, 14, 1, 0),
(281, 35, 15, 1, 0),
(282, 35, 16, 1, 0),
(283, 35, 10, 1, 0),
(284, 35, 11, 1, 0),
(285, 35, 12, 1, 0),
(286, 35, 3, 1, 0),
(287, 35, 5, 1, 0),
(288, 35, 6, 1, 0),
(289, 35, 7, 1, 0),
(290, 36, 1, 1, 1),
(291, 36, 17, 1, 1),
(292, 36, 18, 1, 1),
(293, 36, 19, 1, 1),
(294, 36, 20, 1, 1),
(295, 36, 21, 1, 1),
(296, 37, 1, 1, 1),
(297, 38, 1, 1, 1),
(298, 39, 2, 1, 1),
(299, 40, 19, 1, 1),
(300, 41, 1, 1, 1),
(301, 42, 1, 0.6, 1),
(302, 43, 1, 1, 1),
(303, 44, 1, 1, 1),
(304, 46, 21, 1, 1),
(305, 47, 15, 1, 1),
(306, 48, 17, 1, 1),
(307, 52, 1, 1, 1),
(308, 52, 2, 1, 1),
(309, 52, 3, 1, 1),
(310, 52, 4, 1, 1),
(311, 52, 11, 0.6, 0),
(312, 52, 13, 0.6, 0),
(313, 52, 16, 0.6, 0),
(314, 52, 5, 0.6, 0),
(315, 52, 6, 0.6, 0),
(316, 52, 7, 0.6, 0),
(317, 52, 8, 0.6, 0),
(318, 52, 9, 0.6, 0),
(319, 52, 10, 0.6, 0),
(320, 52, 12, 0.6, 0),
(321, 52, 14, 0.6, 0),
(322, 52, 15, 0.6, 0),
(323, 52, 17, 0.6, 0),
(324, 52, 18, 0.6, 0),
(325, 52, 19, 0.6, 0),
(326, 52, 20, 0.6, 0),
(327, 52, 21, 0.6, 0),
(328, 53, 1, 0.6, 1),
(329, 53, 2, 0.6, 1),
(330, 53, 3, 0.6, 1),
(331, 53, 4, 1, 1),
(332, 53, 6, 0.6, 0),
(333, 53, 8, 0.6, 0),
(334, 53, 10, 0.6, 1),
(335, 53, 12, 0.6, 0),
(336, 53, 13, 0.6, 0),
(337, 53, 14, 0.6, 0),
(338, 53, 15, 0.6, 1),
(339, 54, 1, 0.6, 1),
(340, 54, 4, 1, 1),
(341, 54, 5, 1, 0),
(342, 54, 6, 1, 0),
(343, 54, 7, 0.6, 0),
(344, 54, 8, 0.6, 1),
(345, 54, 9, 0.6, 1),
(346, 54, 10, 1, 1),
(347, 54, 15, 0.6, 0),
(348, 54, 16, 0.6, 0),
(349, 54, 2, 0.6, 0),
(350, 54, 3, 0.6, 0),
(351, 54, 11, 0.6, 1),
(352, 54, 12, 1, 1),
(353, 54, 13, 0.6, 0),
(354, 55, 1, 0.6, 1),
(355, 55, 4, 1, 0),
(356, 55, 8, 1, 1),
(357, 55, 9, 0.6, 1),
(358, 55, 13, 0.6, 1),
(359, 55, 14, 0.6, 0),
(360, 55, 15, 1, 1),
(361, 55, 16, 1, 1),
(362, 55, 12, 0.6, 1),
(363, 55, 2, 1, 0),
(364, 55, 10, 0.6, 0),
(365, 55, 11, 0.6, 0),
(366, 56, 1, 1, 0),
(367, 56, 17, 0.6, 1),
(368, 56, 18, 0.6, 1),
(369, 56, 19, 1, 1),
(370, 56, 20, 1, 1),
(371, 56, 21, 1, 1),
(372, 56, 4, 1, 0),
(373, 56, 9, 1, 0),
(374, 56, 5, 0.6, 0),
(375, 57, 1, 1, 1),
(376, 57, 2, 1, 1),
(377, 57, 3, 1, 1),
(378, 57, 4, 1, 1),
(379, 58, 1, 1, 1),
(380, 58, 4, 1, 1),
(381, 58, 5, 1, 1),
(382, 58, 6, 1, 1),
(383, 58, 7, 1, 1),
(384, 58, 8, 1, 1),
(385, 58, 9, 1, 1),
(386, 59, 1, 1, 1),
(387, 59, 4, 1, 1),
(388, 59, 10, 1, 1),
(389, 59, 11, 1, 1),
(390, 59, 12, 1, 1),
(422, 64, 8, -1, 1),
(421, 64, 7, -1, 1),
(420, 64, 6, -1, 1),
(419, 64, 5, -1, 1),
(418, 64, 4, 1, 1),
(417, 64, 3, 1, 1),
(416, 64, 2, 1, 1),
(415, 64, 1, 1, 1),
(436, 65, 1, 1, 1),
(435, 64, 21, -1, 1),
(434, 64, 20, -1, 1),
(433, 64, 19, -1, 1),
(432, 64, 18, -1, 1),
(431, 64, 17, -1, 1),
(430, 64, 16, -1, 1),
(429, 64, 15, -1, 1),
(428, 64, 14, -1, 1),
(427, 64, 13, -1, 1),
(426, 64, 12, -1, 1),
(425, 64, 11, -1, 1),
(424, 64, 10, -1, 1),
(423, 64, 9, -1, 1),
(437, 65, 2, -1, 1),
(438, 65, 3, -1, 1),
(439, 65, 4, 1, 1),
(440, 65, 5, -1, 1),
(441, 65, 6, -1, 1),
(442, 65, 7, -1, 1),
(443, 65, 8, 1, 1),
(444, 65, 9, 1, 1),
(445, 65, 10, -1, 1),
(446, 65, 11, -1, 1),
(447, 65, 12, -1, 1),
(448, 65, 13, 1, 1),
(449, 65, 14, 1, 1),
(450, 65, 15, 1, 1),
(451, 65, 16, 1, 1),
(452, 65, 17, -1, 1),
(453, 65, 18, -1, 1),
(454, 65, 19, -1, 1),
(455, 65, 20, -1, 1),
(456, 65, 21, -1, 1),
(457, 66, 1, 1, 1),
(458, 66, 2, 1, 1),
(459, 66, 3, 1, 1),
(460, 66, 4, 1, 1),
(461, 66, 5, -1, 1),
(462, 66, 6, 0.6, 1),
(463, 66, 7, -1, 1),
(464, 66, 8, 0.6, 1),
(465, 66, 9, -1, 1),
(466, 66, 10, 0.6, 1),
(467, 66, 11, -1, 1),
(468, 66, 12, -1, 1),
(469, 66, 13, 0.6, 1),
(470, 66, 14, 0.6, 1),
(471, 66, 15, -1, 1),
(472, 66, 16, -1, 1),
(473, 66, 17, -1, 1),
(474, 66, 18, -1, 1),
(475, 66, 19, -1, 1),
(476, 66, 20, -1, 1),
(477, 66, 21, -1, 1),
(478, 67, 1, 1, 1),
(479, 67, 2, 1, 1),
(480, 67, 3, 0.6, 1),
(481, 67, 4, 1, 1),
(482, 67, 5, -1, 1),
(483, 67, 6, 0.6, 1),
(484, 67, 7, -1, 1),
(485, 67, 8, -1, 1),
(486, 67, 9, -1, 1),
(487, 67, 10, 0.6, 1),
(488, 67, 11, -1, 1),
(489, 67, 12, -1, 1),
(490, 67, 13, -1, 1),
(491, 67, 14, 0.6, 1),
(492, 67, 15, 0.6, 1),
(493, 67, 16, -1, 1),
(494, 67, 17, -1, 1),
(495, 67, 18, -1, 1),
(496, 67, 19, -1, 1),
(497, 67, 20, -1, 1),
(498, 67, 21, -1, 1),
(499, 68, 1, 1, 1),
(500, 68, 2, 0.6, 1),
(501, 68, 3, -1, 1),
(502, 68, 4, 1, 1),
(503, 68, 5, 1, 1),
(504, 68, 6, 1, 1),
(505, 68, 7, 1, 1),
(506, 68, 8, 1, 1),
(507, 68, 9, 1, 1),
(508, 68, 10, 0.6, 1),
(509, 68, 11, -1, 1),
(510, 68, 12, -1, 1),
(511, 68, 13, -1, 1),
(512, 68, 14, -1, 1),
(513, 68, 15, 0.6, 1),
(514, 68, 16, 0.6, 1),
(515, 68, 17, -1, 1),
(516, 68, 18, -1, 1),
(517, 68, 19, -1, 1),
(518, 68, 20, -1, 1),
(519, 68, 21, -1, 1),
(520, 69, 1, 0.6, 1),
(521, 69, 2, -1, 1),
(522, 69, 3, -1, 1),
(523, 69, 4, 1, 1),
(524, 69, 5, -1, 1),
(525, 69, 6, -1, 1),
(526, 69, 7, -1, 1),
(527, 69, 8, 0.6, 1),
(528, 69, 9, 0.6, 1),
(529, 69, 10, 1, 1),
(530, 69, 11, 0.6, 1),
(531, 69, 12, 1, 1),
(532, 69, 13, -1, 1),
(533, 69, 14, -1, 1),
(534, 69, 15, -1, 1),
(535, 69, 16, -1, 1),
(536, 69, 17, -1, 1),
(537, 69, 18, -1, 1),
(538, 69, 19, -1, 1),
(539, 69, 20, -1, 1),
(540, 69, 21, -1, 1),
(541, 70, 1, 0.6, 1),
(542, 70, 2, -1, 1),
(543, 70, 3, -1, 1),
(544, 70, 4, 1, 1),
(545, 70, 5, -1, 1),
(546, 70, 6, -1, 1),
(547, 70, 7, -1, 1),
(548, 70, 8, 1, 1),
(549, 70, 9, 0.6, 1),
(550, 70, 10, -1, 1),
(551, 70, 11, -1, 1),
(552, 70, 12, 0.6, 1),
(553, 70, 13, 0.6, 1),
(554, 70, 14, -1, 1),
(555, 70, 15, 1, 1),
(556, 70, 16, 1, 1),
(557, 70, 17, -1, 1),
(558, 70, 18, -1, 1),
(559, 70, 19, -1, 1),
(560, 70, 20, -1, 1),
(561, 70, 21, -1, 1),
(562, 71, 1, 1, 1),
(563, 71, 2, 1, 1),
(564, 71, 3, -1, 1),
(565, 71, 4, 1, 1),
(566, 71, 5, -1, 1),
(567, 71, 6, -1, 1),
(568, 71, 7, -1, 1),
(569, 71, 8, 1, 1),
(570, 71, 9, 1, 1),
(571, 71, 10, 0.6, 1),
(572, 71, 11, -1, 1),
(573, 71, 12, 1, 1),
(574, 71, 13, 1, 1),
(575, 71, 14, -1, 1),
(576, 71, 15, 1, 1),
(577, 71, 16, 1, 1),
(578, 71, 17, -1, 1),
(579, 71, 18, -1, 1),
(580, 71, 19, -1, 1),
(581, 71, 20, -1, 1),
(582, 71, 21, -1, 1),
(583, 72, 1, -1, 1),
(584, 72, 2, -1, 1),
(585, 72, 3, -1, 1),
(586, 72, 4, -1, 1),
(587, 72, 5, 0.6, 1),
(588, 72, 6, -1, 1),
(589, 72, 7, -1, 1),
(590, 72, 8, -1, 1),
(591, 72, 9, -1, 1),
(592, 72, 10, -1, 1),
(593, 72, 11, -1, 1),
(594, 72, 12, -1, 1),
(595, 72, 13, -1, 1),
(596, 72, 14, -1, 1),
(597, 72, 15, -1, 1),
(598, 72, 16, -1, 1),
(599, 72, 17, 1, 1),
(600, 72, 18, 0.6, 1),
(601, 72, 19, 1, 1),
(602, 72, 20, 1, 1),
(603, 72, 21, 1, 1),
(604, 73, 1, 1, 1),
(605, 73, 2, 1, 1),
(606, 73, 3, 1, 1),
(607, 73, 4, 1, 1),
(608, 73, 5, -1, 1),
(609, 73, 6, -1, 1),
(610, 73, 7, -1, 1),
(611, 73, 8, -1, 1),
(612, 73, 9, -1, 1),
(613, 73, 10, -1, 1),
(614, 73, 11, -1, 1),
(615, 73, 12, -1, 1),
(616, 73, 13, -1, 1),
(617, 73, 14, -1, 1),
(618, 73, 15, -1, 1),
(619, 73, 16, -1, 1),
(620, 73, 17, -1, 1),
(621, 73, 18, -1, 1),
(622, 73, 19, -1, 1),
(623, 73, 20, -1, 1),
(624, 73, 21, -1, 1),
(625, 74, 1, 1, 1),
(626, 74, 2, 0.6, 1),
(627, 74, 3, -1, 1),
(628, 74, 4, 1, 1),
(629, 74, 5, 1, 1),
(630, 74, 6, 1, 1),
(631, 74, 7, 1, 1),
(632, 74, 8, 1, 1),
(633, 74, 9, 1, 1),
(634, 74, 10, 0.6, 1),
(635, 74, 11, -1, 1),
(636, 74, 12, -1, 1),
(637, 74, 13, -1, 1),
(638, 74, 14, -1, 1),
(639, 74, 15, 0.6, 1),
(640, 74, 16, 0.6, 1),
(641, 74, 17, -1, 1),
(642, 74, 18, -1, 1),
(643, 74, 19, -1, 1),
(644, 74, 20, -1, 1),
(645, 74, 21, -1, 1),
(646, 75, 1, 0.6, 1),
(647, 75, 2, -1, 1),
(648, 75, 3, -1, 1),
(649, 75, 4, 1, 1),
(650, 75, 5, -1, 1),
(651, 75, 6, -1, 1),
(652, 75, 7, -1, 1),
(653, 75, 8, 0.6, 1),
(654, 75, 9, 0.6, 1),
(655, 75, 10, 1, 1),
(656, 75, 11, 0.6, 1),
(657, 75, 12, 1, 1),
(658, 75, 13, -1, 1),
(659, 75, 14, -1, 1),
(660, 75, 15, -1, 1),
(661, 75, 16, -1, 1),
(662, 75, 17, -1, 1),
(663, 75, 18, -1, 1),
(664, 75, 19, -1, 1),
(665, 75, 20, -1, 1),
(666, 75, 21, -1, 1),
(667, 76, 1, 0.6, 1),
(668, 76, 2, -1, 1),
(669, 76, 3, -1, 1),
(670, 76, 4, 1, 1),
(671, 76, 5, -1, 1),
(672, 76, 6, -1, 1),
(673, 76, 7, -1, 1),
(674, 76, 8, 1, 1),
(675, 76, 9, 0.6, 1),
(676, 76, 10, -1, 1),
(677, 76, 11, -1, 1),
(678, 76, 12, 0.6, 1),
(679, 76, 13, 0.6, 1),
(680, 76, 14, -1, 1),
(681, 76, 15, 1, 1),
(682, 76, 16, 1, 1),
(683, 76, 17, -1, 1),
(684, 76, 18, -1, 1),
(685, 76, 19, -1, 1),
(686, 76, 20, -1, 1),
(687, 76, 21, -1, 1),
(703, 78, 8, -1, 1),
(702, 78, 7, -1, 1),
(701, 78, 6, -1, 1),
(700, 78, 5, -1, 1),
(699, 78, 4, -1, 1),
(698, 78, 3, -1, 1),
(697, 78, 2, -1, 1),
(696, 78, 1, 1, 1),
(704, 78, 9, -1, 1),
(705, 78, 10, -1, 1),
(706, 78, 11, -1, 1),
(707, 78, 12, -1, 1),
(708, 78, 13, -1, 1),
(709, 78, 14, -1, 1),
(710, 78, 15, -1, 1),
(711, 78, 16, -1, 1),
(712, 78, 17, 1, 1),
(713, 78, 18, 1, 1),
(714, 78, 19, 1, 1),
(715, 78, 20, 1, 1),
(716, 78, 21, 1, 1),
(717, 79, 1, 1, 1),
(718, 79, 4, 1, 1),
(719, 79, 8, 1, 1),
(720, 79, 9, 1, 1),
(721, 79, 13, 1, 1),
(722, 79, 14, 1, 1),
(723, 79, 15, 1, 1),
(724, 79, 16, 1, 1),
(725, 80, 1, 0.6, 1),
(726, 80, 4, 1, 1),
(727, 80, 8, 1, 1),
(728, 80, 9, 1, 1),
(729, 80, 13, 1, 1),
(730, 80, 14, 1, 1),
(731, 80, 15, 1, 1),
(732, 80, 16, 0.6, 1),
(733, 81, 1, 0.6, 1),
(734, 81, 2, 1, 1),
(735, 81, 3, 1, 1),
(736, 81, 4, 1, 1),
(737, 81, 5, 0.6, 1),
(738, 81, 10, 0.6, 1),
(739, 81, 16, 0.6, 1),
(740, 82, 1, 0.6, 1),
(741, 82, 5, 1, 1),
(742, 82, 17, 0.6, 1),
(743, 82, 18, 0.6, 1),
(744, 82, 19, 0.6, 1),
(745, 82, 20, 0.6, 1),
(746, 82, 21, 0.6, 1),
(747, 83, 7, 1, 1),
(748, 83, 8, 0.6, 1),
(749, 83, 9, 0.6, 1),
(750, 83, 11, 0.6, 1),
(751, 84, 4, 1, 1),
(752, 84, 9, 0.6, 1),
(753, 84, 10, 0.6, 1),
(754, 84, 11, 0.6, 1),
(755, 85, 8, 1, 1),
(756, 85, 9, 1, 1),
(757, 85, 10, 1, 1),
(758, 85, 11, 1, 1),
(759, 85, 13, 1, 1),
(760, 86, 1, 1, 1),
(761, 86, 2, 1, 1),
(762, 86, 12, 1, 1),
(763, 86, 15, 1, 1),
(764, 87, 18, 1, 1),
(765, 87, 20, 1, 1),
(766, 87, 21, 1, 1),
(767, 88, 1, 1, 1),
(768, 88, 4, 1, 1),
(769, 88, 8, 1, 1),
(770, 88, 9, 1, 1),
(771, 88, 13, 0.6, 1),
(772, 88, 14, 0.6, 1),
(773, 88, 15, 0.6, 1),
(774, 89, 1, 1, 1),
(775, 89, 2, 1, 1),
(776, 89, 3, 0.6, 1),
(777, 89, 4, 0.6, 1),
(778, 90, 1, 1, 1),
(779, 90, 15, 0.6, 1),
(780, 90, 17, 1, 1),
(781, 90, 19, 1, 1),
(782, 90, 20, 1, 1),
(783, 91, 1, 1, 1),
(784, 91, 4, 0.6, 1),
(785, 91, 5, 1, 1),
(786, 91, 6, 0.6, 1),
(787, 91, 7, -1, 1),
(788, 91, 8, 1, 1),
(789, 92, 1, 1, 1),
(790, 92, 12, 1, 1),
(791, 92, 13, 1, 1),
(792, 92, 14, 1, 1),
(793, 92, 16, 1, 1),
(794, 93, 1, 1, 1),
(795, 93, 2, 1, 1),
(796, 93, 4, 1, 1),
(797, 94, 5, 1, 1),
(798, 94, 8, 1, 1),
(799, 94, 14, 0.6, 1),
(800, 94, 15, 1, 1),
(801, 95, 17, 0.6, 1),
(802, 95, 18, 1, 1),
(803, 95, 19, 1, 1),
(804, 96, 3, 1, 1),
(805, 96, 12, 1, 1),
(806, 96, 13, 1, 1),
(807, 96, 14, 1, 1),
(808, 97, 1, 1, 1),
(809, 97, 2, 1, 1),
(810, 97, 4, 1, 1),
(811, 97, 15, 1, 1),
(812, 98, 18, 1, 1),
(813, 98, 19, 1, 1),
(814, 98, 20, 1, 1),
(815, 99, 1, 1, 1),
(816, 99, 2, 1, 1),
(817, 99, 3, 1, 1),
(818, 100, 6, 1, 1),
(819, 100, 7, 1, 1),
(820, 100, 8, 0.6, 1),
(821, 100, 9, 1, 1),
(822, 101, 10, 1, 1),
(823, 101, 11, 1, 1),
(824, 101, 12, 1, 1),
(825, 102, 1, 1, 1),
(826, 102, 4, 1, 1),
(827, 102, 10, 1, 1),
(828, 103, 1, 1, 1),
(829, 103, 13, 1, 1),
(830, 103, 14, 1, 1),
(831, 103, 15, 0.6, 1),
(832, 104, 1, 1, 1),
(833, 104, 9, 1, 1),
(834, 104, 16, 1, 1),
(835, 105, 18, 1, 1),
(836, 105, 20, 0.6, 1),
(837, 105, 21, 1, 1),
(838, 106, 1, 1, 1),
(839, 106, 2, 1, 1),
(840, 106, 4, 1, 1),
(841, 106, 14, 1, 1),
(842, 107, 4, 1, 1),
(843, 107, 5, 1, 1),
(844, 107, 6, 1, 1),
(845, 107, 7, 1, 1),
(846, 108, 8, 1, 1),
(847, 108, 9, 1, 1),
(848, 109, 5, 1, 1),
(849, 109, 8, 1, 1),
(850, 109, 9, 0.6, 1),
(851, 110, 12, 1, 1),
(852, 110, 14, 1, 1),
(853, 110, 15, 1, 1),
(854, 111, 1, -1, 1),
(855, 111, 4, 1, 1),
(856, 111, 9, 1, 1),
(857, 111, 8, 0.6, 1),
(858, 111, 10, 1, 1),
(859, 112, 8, 1, 1),
(860, 112, 9, 1, 1),
(861, 112, 16, 1, 1),
(862, 113, 1, 1, 1),
(863, 113, 2, 1, 1),
(864, 113, 3, 1, 1),
(865, 113, 15, 1, 1),
(866, 114, 17, 1, 1),
(867, 114, 19, 1, 1),
(868, 115, 14, 0.6, 1),
(869, 115, 15, 1, 1),
(870, 115, 16, 1, 1),
(871, 116, 10, 1, 1),
(872, 116, 11, 1, 1),
(873, 116, 12, 1, 1),
(874, 117, 6, 1, 1),
(875, 117, 7, 1, 1),
(876, 117, 8, 1, 1),
(877, 118, 4, 1, 1),
(878, 118, 10, 1, 1),
(879, 118, 11, 1, 1),
(880, 118, 12, 1, 1),
(881, 119, 17, 1, 1),
(882, 119, 19, 1, 1),
(883, 119, 21, 1, 1),
(884, 120, 4, 1, 1),
(885, 120, 12, 1, 1),
(886, 120, 13, 1, 1),
(887, 121, 12, 1, 1),
(888, 121, 13, 1, 1),
(889, 121, 14, 1, 1),
(890, 122, 1, 1, 1),
(891, 122, 2, 1, 1),
(892, 122, 3, 1, 1),
(893, 122, 4, 1, 1),
(894, 123, 1, 1, 1),
(895, 123, 4, 1, 1),
(896, 123, 5, 1, 1),
(897, 123, 6, 1, 1),
(898, 123, 7, 1, 1),
(899, 123, 8, 1, 1),
(900, 123, 9, 1, 1),
(901, 124, 1, 1, 1),
(902, 124, 4, 1, 1),
(903, 124, 10, 1, 1),
(904, 124, 11, 1, 1),
(905, 124, 12, 1, 1),
(906, 125, 1, 1, 1),
(907, 125, 4, 1, 1),
(908, 125, 10, 1, 1),
(909, 125, 11, 1, 1),
(910, 125, 12, 1, 1),
(911, 126, 1, 1, 1),
(912, 126, 4, 1, 1),
(913, 126, 8, 1, 1),
(914, 126, 9, 1, 1),
(915, 126, 13, 1, 1),
(916, 126, 14, 1, 1),
(917, 126, 15, 1, 1),
(918, 126, 16, 1, 1),
(919, 127, 1, 1, 1),
(920, 127, 17, 1, 1),
(921, 127, 18, 1, 1),
(922, 127, 19, 1, 1),
(923, 127, 20, 1, 1),
(924, 127, 21, 1, 1),
(925, 128, 1, 0.6, 1),
(926, 128, 19, 1, 1),
(927, 128, 20, 1, 1),
(928, 128, 21, 1, 1),
(929, 129, 1, 1, 1),
(930, 129, 2, 1, 1),
(931, 129, 8, 1, 1),
(932, 129, 9, 1, 1),
(933, 129, 13, 1, 1),
(934, 129, 14, 0.6, 1),
(935, 129, 15, 1, 1),
(936, 130, 1, 0.6, 1),
(937, 130, 4, 1, 1),
(938, 130, 5, 1, 1),
(939, 130, 6, 1, 1),
(940, 130, 7, 1, 1),
(941, 130, 8, 0.6, 1),
(942, 130, 9, 0.6, 1),
(943, 131, 1, 1, 1),
(944, 131, 2, 1, 1),
(945, 131, 3, 0.6, 1),
(946, 131, 4, 1, 1),
(947, 132, 1, 1, 1),
(948, 132, 2, 1, 1),
(949, 132, 3, 1, 1),
(950, 132, 4, 1, 1),
(951, 133, 1, 1, 1),
(952, 133, 4, 1, 1),
(953, 133, 5, 1, 1),
(954, 133, 6, 1, 1),
(955, 133, 7, 1, 1),
(956, 133, 8, 1, 1),
(957, 134, 1, 1, 1),
(958, 134, 4, 1, 1),
(959, 134, 10, 1, 1),
(960, 134, 11, 1, 1),
(961, 134, 12, 1, 1),
(962, 135, 1, 0.6, 1),
(963, 135, 4, 1, 1),
(964, 135, 8, 0.6, 1),
(965, 135, 9, 0.6, 1),
(966, 135, 12, 1, 1),
(967, 135, 13, 0.6, 1),
(968, 135, 14, 1, 1),
(969, 135, 15, 1, 1),
(970, 136, 17, 1, 1),
(971, 136, 18, 0.6, 1),
(972, 136, 19, 1, 1),
(973, 136, 21, 1, 1),
(974, 137, 1, 1, 1),
(975, 137, 17, 1, 1),
(976, 137, 18, 1, 1),
(977, 138, 2, 1, 1),
(978, 138, 3, 1, 1),
(979, 138, 4, 1, 1),
(980, 138, 5, 1, 1),
(981, 139, 1, 1, 1),
(982, 139, 4, 1, 1),
(983, 139, 5, 1, 1),
(984, 139, 6, 1, 1),
(985, 139, 7, 1, 1),
(986, 139, 8, 1, 1),
(987, 139, 9, 1, 1),
(988, 140, 1, 1, 1),
(989, 140, 4, 1, 1),
(990, 140, 8, 1, 1),
(991, 140, 9, 1, 1),
(992, 140, 13, 1, 1),
(993, 140, 14, 1, 1),
(994, 140, 15, 1, 1),
(995, 140, 16, 1, 1),
(996, 141, 1, 1, 1),
(997, 141, 4, 1, 1),
(998, 141, 10, 1, 1),
(999, 141, 11, 1, 1),
(1000, 141, 12, 1, 1),
(1001, 142, 1, 1, 1),
(1002, 142, 4, 1, 1),
(1003, 142, 10, 1, 1),
(1004, 142, 11, 1, 1),
(1005, 142, 12, 0.6, 1),
(1006, 143, 12, 1, 1),
(1007, 143, 13, 1, 1),
(1008, 143, 14, 1, 1),
(1009, 143, 15, 0.6, 1),
(1010, 143, 16, 0.6, 1),
(1011, 144, 16, 1, 1),
(1012, 144, 17, 1, 1),
(1013, 144, 18, 1, 1),
(1014, 144, 19, 0.6, 1),
(1016, 146, 1, 1, 1),
(1017, 146, 18, 1, 1),
(1018, 146, 19, 0.6, 1),
(1019, 146, 20, 0.6, 1),
(1020, 146, 21, 0.6, 1),
(1021, 147, 1, 0.6, 1),
(1022, 147, 4, 0.6, 1),
(1023, 147, 8, 0.6, 1),
(1024, 147, 9, 0.6, 1),
(1025, 147, 13, 1, 1),
(1026, 147, 14, 1, 1),
(1027, 147, 15, 1, 1),
(1028, 147, 16, 1, 1),
(1029, 148, 1, 1, 1),
(1030, 148, 2, 1, 1),
(1031, 148, 3, 1, 1),
(1032, 148, 4, 1, 1),
(1033, 149, 1, 1, 1),
(1034, 149, 4, 1, 1),
(1035, 149, 5, 1, 1),
(1036, 149, 6, 1, 1),
(1037, 149, 7, 1, 1),
(1038, 149, 8, 1, 1),
(1039, 149, 9, 1, 1),
(1040, 150, 1, 1, 1),
(1041, 150, 4, 1, 1),
(1042, 150, 8, 1, 1),
(1043, 150, 9, 1, 1),
(1044, 150, 13, 1, 1),
(1045, 150, 14, 1, 1),
(1046, 150, 15, 1, 1),
(1047, 150, 16, 1, 1),
(1048, 151, 1, 1, 1),
(1049, 151, 20, 1, 1),
(1050, 151, 21, 0.6, 1),
(1051, 152, 1, 1, 1),
(1052, 152, 4, 0.6, 1),
(1053, 152, 8, 0.6, 1),
(1054, 152, 9, 0.6, 1),
(1055, 152, 13, 0.6, 1),
(1056, 152, 14, 0.6, 1),
(1057, 152, 15, 0.6, 1),
(1058, 152, 16, 1, 1),
(1059, 153, 1, 1, 1),
(1060, 153, 2, 1, 1),
(1061, 153, 3, 1, 1),
(1062, 153, 4, 1, 1),
(1063, 154, 1, 1, 1),
(1064, 154, 2, 1, 1),
(1065, 154, 3, 1, 1),
(1066, 154, 4, 1, 1),
(1067, 155, 1, -1, 1),
(1068, 155, 19, 0.6, 1),
(1069, 155, 20, 1, 1),
(1070, 155, 21, 1, 1),
(1071, 156, 1, 1, 1),
(1072, 156, 2, 1, 1),
(1073, 156, 3, 1, 1),
(1074, 156, 4, 1, 1),
(1075, 157, 1, 1, 1),
(1076, 157, 4, 1, 1),
(1077, 157, 5, 1, 1),
(1078, 157, 6, 1, 1),
(1079, 157, 7, 1, 1),
(1080, 157, 8, 1, 1),
(1081, 157, 9, 1, 1),
(1082, 158, 1, 1, 1),
(1083, 158, 4, 1, 1),
(1084, 158, 5, 1, 1),
(1085, 158, 6, 1, 1),
(1086, 158, 7, 1, 1),
(1087, 158, 8, 1, 1),
(1088, 158, 9, 1, 1),
(1089, 159, 1, 1, 1),
(1090, 159, 4, 1, 1),
(1091, 159, 10, 1, 1),
(1092, 159, 11, 1, 1),
(1093, 159, 12, 1, 1),
(1094, 160, 1, 1, 1),
(1095, 160, 4, 1, 1),
(1096, 160, 8, 1, 1),
(1097, 160, 9, 1, 1),
(1098, 160, 13, 1, 1),
(1099, 160, 14, 1, 1),
(1100, 160, 15, 1, 1),
(1101, 160, 16, 1, 1),
(1102, 161, 1, 1, 1),
(1103, 161, 17, 1, 1),
(1104, 161, 18, 1, 1),
(1105, 161, 19, 1, 1),
(1106, 161, 20, 1, 1),
(1107, 161, 21, 1, 1),
(1108, 162, 1, 1, 1),
(1109, 162, 17, 1, 1),
(1110, 162, 18, 1, 1),
(1111, 162, 19, 1, 1),
(1112, 162, 20, 1, 1),
(1113, 162, 21, 1, 1),
(1114, 163, 1, 1, 1),
(1115, 163, 4, 1, 1),
(1116, 163, 8, 1, 1),
(1117, 163, 9, 1, 1),
(1118, 163, 13, 1, 1),
(1119, 163, 14, 1, 1),
(1120, 163, 15, 1, 1),
(1121, 163, 16, 1, 1),
(1122, 164, 1, 1, 1),
(1123, 164, 4, 1, 1),
(1124, 164, 10, 1, 1),
(1125, 164, 11, 1, 1),
(1126, 164, 12, 1, 1),
(1127, 165, 1, 1, 1),
(1128, 165, 4, 1, 1),
(1129, 165, 5, 1, 1),
(1130, 165, 6, 1, 1),
(1131, 165, 7, 1, 1),
(1132, 165, 8, 1, 1),
(1133, 165, 9, 1, 1),
(1134, 166, 1, 1, 1),
(1135, 166, 2, 1, 1),
(1136, 166, 3, 1, 1),
(1137, 166, 4, 1, 1),
(1170, 175, 4, 1, 1),
(1169, 175, 1, 1, 1),
(1168, 174, 9, 1, 1),
(1165, 174, 6, 1, 1),
(1164, 174, 5, 1, 1),
(1163, 174, 4, 1, 1),
(1162, 174, 1, 1, 1),
(1176, 176, 8, 1, 1),
(1175, 176, 4, 1, 1),
(1174, 176, 1, 1, 1),
(1173, 175, 12, 1, 1),
(1172, 175, 11, 1, 1),
(1171, 175, 10, 1, 1),
(1167, 174, 8, 1, 1),
(1166, 174, 7, 1, 1),
(1161, 173, 4, 1, 1),
(1160, 173, 3, 1, 1),
(1159, 173, 2, 1, 1),
(1158, 173, 1, 1, 1),
(1157, 172, 1, -1, 1),
(1177, 176, 9, 1, 1),
(1178, 176, 13, 1, 1),
(1179, 176, 14, 0.6, 1),
(1180, 177, 1, 1, 1),
(1181, 177, 2, 1, 1),
(1182, 177, 3, 1, 1),
(1183, 177, 4, 1, 1),
(1184, 177, 5, 1, 1),
(1185, 177, 6, 1, 1),
(1186, 177, 7, 1, 1),
(1187, 177, 8, 1, 1),
(1188, 177, 9, 1, 1),
(1189, 177, 10, 1, 1),
(1190, 177, 11, 1, 1),
(1191, 177, 12, 1, 1),
(1192, 177, 13, 1, 1),
(1193, 177, 14, 1, 1),
(1194, 177, 15, 1, 1),
(1195, 177, 16, 1, 1),
(1196, 177, 17, 1, 1),
(1197, 177, 18, 1, 1),
(1198, 177, 19, 1, 1),
(1199, 177, 20, 1, 1),
(1200, 177, 21, 1, 1),
(1201, 178, 1, 1, 1),
(1202, 178, 3, 0.6, 1),
(1203, 181, 1, 1, 1),
(1204, 182, 1, 1, 1),
(1205, 182, 2, 1, 1),
(1206, 182, 3, 1, 1),
(1207, 182, 4, 1, 1),
(1208, 182, 5, 1, 1),
(1209, 182, 6, 1, 1),
(1210, 182, 7, 1, 1),
(1211, 182, 8, 1, 1),
(1212, 182, 9, 1, 1),
(1213, 182, 10, 1, 1),
(1214, 182, 11, 1, 1),
(1215, 182, 12, 1, 1),
(1216, 182, 13, 1, 1),
(1217, 182, 14, 1, 1),
(1218, 182, 15, 1, 1),
(1219, 182, 16, 1, 1),
(1220, 182, 17, 1, 1),
(1221, 182, 18, 1, 1),
(1222, 182, 19, 1, 1),
(1223, 182, 20, 1, 1),
(1224, 182, 21, 1, 1);

-- --------------------------------------------------------

--
-- Struktur dari tabel `cf_konsultasi_hasil`
--

CREATE TABLE `cf_konsultasi_hasil` (
  `id_konsultasi_hasil` bigint(20) NOT NULL,
  `id_konsultasi` int(11) NOT NULL,
  `id_penyakit` int(11) NOT NULL,
  `nilai_cf` double NOT NULL,
  `status` int(1) NOT NULL
) ENGINE=MyISAM DEFAULT CHARSET=utf8;

--
-- Dumping data untuk tabel `cf_konsultasi_hasil`
--

INSERT INTO `cf_konsultasi_hasil` (`id_konsultasi_hasil`, `id_konsultasi`, `id_penyakit`, `nilai_cf`, `status`) VALUES
(1, 1, 1, 0.907537616896, 1),
(2, 1, 2, 0.32, 1),
(3, 1, 5, 0.16, 1),
(14, 6, 1, 0.4288, 1),
(13, 5, 1, 0.5392, 1),
(15, 8, 1, 0.928, 1),
(16, 8, 2, 0.48, 1),
(17, 8, 5, 0.4, 1),
(18, 7, 1, 0.08, 1),
(19, 7, 2, 0.8, 1),
(20, 7, 5, 0.4, 1),
(21, 9, 1, 0.8, 1),
(22, 10, 1, 0.8, 1),
(23, 12, 1, 0.88, 1),
(24, 12, 2, 0.8, 1),
(25, 12, 5, 0.4, 1),
(26, 14, 1, 0.8, 1),
(27, 16, 1, 0.995392, 0),
(28, 16, 2, 0.999808, 1),
(29, 16, 3, 0.9964, 1),
(30, 16, 5, 0.99136, 1),
(31, 18, 1, 0.928, 1),
(32, 18, 2, 1, 1),
(33, 18, 3, 1, 1),
(34, 19, 1, 0.928, 1),
(35, 19, 2, 0.8, 1),
(36, 19, 5, 0.4, 1),
(37, 20, 1, 0.928, 1),
(38, 20, 2, 0.8, 1),
(39, 20, 5, 0.4, 1),
(40, 21, 1, 0.520192, 1),
(41, 21, 2, 0.32, 1),
(42, 21, 5, 0.16, 1),
(43, 22, 1, 0.99892, 1),
(44, 22, 2, 0.96, 1),
(45, 22, 3, 0.96, 1),
(46, 22, 4, 0.96, 1),
(47, 23, 1, 0.8704, 1),
(48, 23, 2, 0.996467580928, 1),
(49, 23, 3, 0.8704, 1),
(50, 23, 4, 0.97573888, 1),
(51, 14, 2, 0.8, 1),
(52, 14, 3, 0.8, 1),
(53, 14, 4, 0.8, 1),
(54, 24, 1, 0.9911872, 1),
(55, 24, 2, 0.99456, 1),
(56, 24, 3, 0.864, 1),
(57, 24, 4, 0.864, 1),
(58, 25, 1, 0.9911872, 1),
(59, 25, 2, 0.3744, 1),
(60, 25, 3, 0.864, 1),
(61, 25, 4, 0.864, 1),
(62, 26, 1, 0.8, 1),
(63, 26, 2, 0.8, 1),
(64, 26, 3, 0.8, 1),
(65, 26, 4, 0.8, 1),
(66, 27, 1, 0.8, 1),
(67, 27, 2, 0.8, 1),
(68, 27, 3, 0.8, 1),
(69, 27, 4, 0.8, 1),
(70, 28, 1, 0.8, 1),
(71, 28, 2, 0.8, 1),
(72, 28, 3, 0.8, 1),
(73, 28, 4, 0.8, 1),
(74, 29, 1, 0.9964, 1),
(75, 29, 2, 0.96, 0),
(76, 29, 3, 0.96, 0),
(77, 29, 4, 0.96, 0),
(78, 30, 1, 0.9964, 1),
(79, 30, 2, 0.96, 1),
(80, 30, 3, 0.96, 1),
(81, 30, 4, 0.96, 1),
(82, 30, 5, 0.8, 1),
(83, 31, 1, 0.2, 0),
(84, 31, 2, 0.8, 0),
(85, 31, 3, 0.99856, 0),
(86, 31, 4, 0.99997696, 0),
(87, 31, 5, 0.999424, 1),
(88, 32, 1, 0.2, 1),
(89, 32, 2, 0.9999616, 0),
(90, 32, 4, 0.2, 0),
(91, 32, 3, 0.99856, 1),
(92, 33, 1, 0.2, 1),
(93, 33, 2, 0.8, 1),
(94, 33, 4, 0.999712, 1),
(95, 34, 1, 0.2, 0),
(96, 34, 2, 0.8, 0),
(97, 34, 3, 0.99856, 0),
(98, 34, 4, 0.99997696, 0),
(99, 34, 5, 0.999424, 1),
(100, 35, 1, 0.8, 1),
(101, 35, 2, 0.8, 1),
(102, 35, 3, 0.8, 1),
(103, 35, 4, 0.8, 1),
(104, 35, 5, 0.999808, 1),
(105, 36, 1, 0.8, 1),
(106, 36, 2, 0.8, 1),
(107, 36, 3, 0.8, 1),
(108, 36, 4, 0.8, 1),
(109, 36, 5, 0.999808, 1),
(110, 37, 1, 0.8, 1),
(111, 37, 2, 0.8, 1),
(112, 37, 3, 0.8, 1),
(113, 37, 4, 0.8, 1),
(114, 37, 5, 0.8, 1),
(115, 38, 1, 0.8, 1),
(116, 38, 2, 0.8, 1),
(117, 38, 3, 0.8, 1),
(118, 38, 4, 0.8, 1),
(119, 38, 5, 0.8, 1),
(120, 39, 1, 0.7, 1),
(121, 40, 5, 0.7, 1),
(122, 41, 1, 0.8, 1),
(123, 41, 2, 0.8, 1),
(124, 41, 3, 0.8, 1),
(125, 41, 4, 0.8, 1),
(126, 41, 5, 0.8, 1),
(127, 42, 1, 0.48, 1),
(128, 42, 2, 0.48, 1),
(129, 42, 3, 0.48, 1),
(130, 42, 4, 0.48, 1),
(131, 42, 5, 0.48, 1),
(132, 43, 1, 0.8, 1),
(133, 43, 2, 0.8, 1),
(134, 43, 3, 0.8, 1),
(135, 43, 4, 0.8, 1),
(136, 43, 5, 0.8, 1),
(137, 44, 1, 0.8, 1),
(138, 44, 2, 0.8, 1),
(139, 44, 3, 0.8, 1),
(140, 44, 4, 0.8, 1),
(141, 44, 5, 0.8, 1),
(142, 46, 5, 0.6, 1),
(143, 47, 4, 0.8, 1),
(144, 48, 5, 0.9, 1),
(145, 52, 1, 0.9964, 1),
(146, 52, 2, 0.96, 1),
(147, 52, 3, 0.96, 1),
(148, 52, 4, 0.96, 1),
(149, 52, 5, 0.8, 1),
(150, 53, 1, 0.9650144, 1),
(151, 53, 2, 0.896, 1),
(152, 53, 3, 0.93968, 1),
(153, 53, 4, 0.94592, 1),
(154, 53, 5, 0.48, 1),
(155, 54, 1, 0.896, 1),
(156, 54, 2, 0.9653888, 1),
(157, 54, 3, 0.9963808, 1),
(158, 54, 4, 0.9653888, 1),
(159, 54, 5, 0.48, 1),
(160, 55, 1, 0.48, 1),
(161, 55, 2, 0.93344, 1),
(162, 55, 3, 0.7296, 1),
(163, 55, 4, 0.998455808, 1),
(164, 55, 5, 0.48, 1),
(165, 56, 1, 0.96, 0),
(166, 56, 2, 0.54, 0),
(167, 56, 3, 0.96, 0),
(168, 56, 4, 0.984, 0),
(169, 56, 5, 0.9929344, 1),
(170, 57, 1, 0.9964, 1),
(171, 57, 2, 0.96, 1),
(172, 57, 3, 0.96, 1),
(173, 57, 4, 0.96, 1),
(174, 57, 5, 0.8, 1),
(175, 58, 1, 0.96, 1),
(176, 58, 2, 0.9999616, 1),
(177, 58, 3, 0.96, 1),
(178, 58, 4, 0.9968, 1),
(179, 58, 5, 0.8, 1),
(180, 59, 1, 0.96, 1),
(181, 59, 2, 0.96, 1),
(182, 59, 3, 0.99928, 1),
(183, 59, 4, 0.96, 1),
(184, 59, 5, 0.8, 1),
(209, 66, 1, 0.9964, 1),
(208, 65, 4, 0.99998848, 1),
(207, 65, 2, 0.8, 1),
(206, 65, 1, 0.2, 1),
(205, 64, 1, 0.9964, 1),
(214, 67, 3, 0.52, 1),
(213, 67, 1, 0.99304, 1),
(212, 66, 4, 0.99300288, 1),
(211, 66, 3, 0.52, 1),
(210, 66, 2, 0.24, 1),
(219, 68, 4, 0.98976, 1),
(218, 68, 3, 0.52, 1),
(217, 68, 2, 0.9999616, 1),
(216, 68, 1, 0.9768, 1),
(215, 67, 4, 0.968, 1),
(224, 71, 1, 0.988, 1),
(223, 70, 4, 0.998722048, 1),
(222, 70, 3, 0.36, 1),
(221, 70, 2, 0.24, 1),
(220, 69, 3, 0.9963808, 1),
(225, 71, 2, 0.8, 1),
(226, 71, 3, 0.9808, 1),
(227, 71, 4, 0.999872, 1),
(228, 72, 5, 0.986176, 1),
(229, 73, 1, 0.9964, 1),
(230, 74, 1, 0.9768, 1),
(231, 74, 2, 0.9999616, 1),
(232, 74, 3, 0.52, 1),
(233, 74, 4, 0.98976, 1),
(234, 75, 3, 0.9963808, 1),
(235, 76, 2, 0.24, 1),
(236, 76, 3, 0.36, 1),
(237, 76, 4, 0.998722048, 1),
(247, 79, 4, 0.99998848, 1),
(246, 79, 3, 0.96, 1),
(245, 79, 2, 0.9968, 1),
(244, 79, 1, 0.96, 1),
(243, 78, 5, 0.999808, 1),
(248, 79, 5, 0.8, 1),
(249, 80, 1, 0.896, 1),
(250, 80, 2, 0.99168, 1),
(251, 80, 3, 0.896, 1),
(252, 80, 4, 0.9999221248, 1),
(253, 80, 5, 0.48, 1),
(254, 81, 1, 0.99064, 1),
(255, 81, 2, 0.95216, 1),
(256, 81, 3, 0.93968, 1),
(257, 81, 4, 0.94592, 1),
(258, 81, 5, 0.48, 1),
(259, 82, 1, 0.48, 1),
(260, 82, 2, 0.948, 1),
(261, 82, 3, 0.48, 1),
(262, 82, 4, 0.48, 1),
(263, 82, 5, 0.970450341888, 1),
(264, 83, 2, 0.90016, 1),
(265, 83, 3, 0.42, 1),
(266, 83, 4, 0.6672, 1),
(267, 84, 1, 0.8, 1),
(268, 84, 2, 0.872, 1),
(269, 84, 3, 0.93272, 1),
(270, 84, 4, 0.872, 1),
(271, 85, 2, 0.92, 1),
(272, 85, 3, 0.91, 1),
(273, 85, 4, 0.976, 1),
(274, 86, 1, 0.94, 1),
(275, 86, 2, 0.8, 1),
(276, 86, 3, 0.96, 1),
(277, 86, 4, 0.96, 1),
(278, 86, 5, 0.8, 1),
(279, 87, 5, 0.968, 1),
(280, 88, 1, 0.96, 1),
(281, 88, 2, 0.9968, 1),
(282, 88, 3, 0.96, 1),
(283, 88, 4, 0.9994402304, 1),
(284, 88, 5, 0.8, 1),
(285, 89, 1, 0.981904, 1),
(286, 89, 2, 0.896, 1),
(287, 89, 3, 0.896, 1),
(288, 89, 4, 0.896, 1),
(289, 89, 5, 0.8, 1),
(290, 90, 1, 0.8, 1),
(291, 90, 2, 0.8, 1),
(292, 90, 3, 0.8, 1),
(293, 90, 4, 0.896, 1),
(294, 90, 5, 0.9988, 1),
(295, 91, 1, 0.896, 1),
(296, 91, 2, 0.9986688, 1),
(297, 91, 3, 0.896, 1),
(298, 91, 4, 0.9792, 1),
(299, 91, 5, 0.8, 1),
(300, 92, 1, 0.8, 1),
(301, 92, 2, 0.8, 1),
(302, 92, 3, 0.96, 1),
(303, 92, 4, 0.9964, 1),
(304, 92, 5, 0.8, 1),
(305, 93, 1, 0.988, 1),
(306, 93, 2, 0.96, 1),
(307, 93, 3, 0.96, 1),
(308, 93, 4, 0.96, 1),
(309, 93, 5, 0.8, 1),
(310, 94, 2, 0.98, 1),
(311, 94, 4, 0.9768, 1),
(312, 95, 5, 0.9448, 1),
(313, 96, 1, 0.7, 1),
(314, 96, 3, 0.8, 1),
(315, 96, 4, 0.91, 1),
(316, 97, 1, 0.988, 1),
(317, 97, 2, 0.96, 1),
(318, 97, 3, 0.96, 1),
(319, 97, 4, 0.992, 1),
(320, 97, 5, 0.8, 1),
(321, 98, 5, 0.976, 1),
(322, 99, 1, 0.982, 1),
(323, 99, 2, 0.8, 1),
(324, 99, 3, 0.8, 1),
(325, 99, 4, 0.8, 1),
(326, 99, 5, 0.8, 1),
(327, 100, 2, 0.97504, 1),
(328, 100, 4, 0.792, 1),
(329, 101, 3, 0.982, 1),
(330, 102, 1, 0.96, 1),
(331, 102, 2, 0.96, 1),
(332, 102, 3, 0.988, 1),
(333, 102, 4, 0.96, 1),
(334, 102, 5, 0.8, 1),
(335, 103, 1, 0.8, 1),
(336, 103, 2, 0.8, 1),
(337, 103, 3, 0.8, 1),
(338, 103, 4, 0.99064, 1),
(339, 103, 5, 0.8, 1),
(340, 104, 1, 0.8, 1),
(341, 104, 2, 0.92, 1),
(342, 104, 3, 0.8, 1),
(343, 104, 4, 0.984, 1),
(344, 104, 5, 0.8, 1),
(345, 105, 5, 0.9168, 1),
(346, 106, 1, 0.988, 1),
(347, 106, 2, 0.96, 1),
(348, 106, 3, 0.96, 1),
(349, 106, 4, 0.988, 1),
(350, 106, 5, 0.8, 1),
(351, 107, 1, 0.8, 1),
(352, 107, 2, 0.9976, 1),
(353, 107, 3, 0.8, 1),
(354, 107, 4, 0.8, 1),
(355, 108, 2, 0.92, 1),
(356, 108, 4, 0.92, 1),
(357, 109, 2, 0.9872, 1),
(358, 109, 4, 0.872, 1),
(359, 110, 3, 0.8, 1),
(360, 110, 4, 0.94, 1),
(361, 111, 1, 0.96, 0),
(362, 111, 2, 0.9584, 1),
(363, 111, 3, 0.7, 1),
(364, 111, 4, 0.99168, 0),
(365, 111, 5, 0.8, 0),
(366, 112, 2, 0.92, 1),
(367, 112, 4, 0.984, 1),
(368, 113, 1, 0.982, 1),
(369, 113, 2, 0.8, 1),
(370, 113, 3, 0.8, 1),
(371, 113, 4, 0.96, 1),
(372, 113, 5, 0.8, 1),
(373, 114, 5, 0.97, 1),
(374, 115, 4, 0.9768, 1),
(375, 116, 3, 0.982, 1),
(376, 117, 2, 0.976, 1),
(377, 117, 4, 0.8, 1),
(378, 118, 1, 0.8, 1),
(379, 118, 2, 0.8, 1),
(380, 118, 3, 0.9964, 1),
(381, 118, 4, 0.8, 1),
(382, 119, 5, 0.988, 1),
(383, 120, 1, 0.8, 1),
(384, 120, 2, 0.8, 1),
(385, 120, 3, 0.96, 1),
(386, 120, 4, 0.94, 1),
(387, 121, 3, 0.8, 1),
(388, 121, 4, 0.91, 1),
(389, 122, 1, 0.9964, 1),
(390, 122, 2, 0.96, 1),
(391, 122, 3, 0.96, 1),
(392, 122, 4, 0.96, 1),
(393, 122, 5, 0.8, 1),
(394, 123, 1, 0.96, 1),
(395, 123, 2, 0.9999616, 1),
(396, 123, 3, 0.96, 1),
(397, 123, 4, 0.9968, 1),
(398, 123, 5, 0.8, 1),
(399, 124, 1, 0.96, 1),
(400, 124, 2, 0.96, 1),
(401, 124, 3, 0.99928, 1),
(402, 124, 4, 0.96, 1),
(403, 124, 5, 0.8, 1),
(404, 125, 1, 0.96, 1),
(405, 125, 2, 0.96, 1),
(406, 125, 3, 0.99928, 1),
(407, 125, 4, 0.96, 1),
(408, 125, 5, 0.8, 1),
(409, 126, 1, 0.96, 1),
(410, 126, 2, 0.9968, 1),
(411, 126, 3, 0.96, 1),
(412, 126, 4, 0.99998848, 1),
(413, 126, 5, 0.8, 1),
(414, 127, 1, 0.8, 1),
(415, 127, 2, 0.8, 1),
(416, 127, 3, 0.8, 1),
(417, 127, 4, 0.8, 1),
(418, 127, 5, 0.999808, 1),
(419, 128, 1, 0.48, 1),
(420, 128, 2, 0.48, 1),
(421, 128, 3, 0.48, 1),
(422, 128, 4, 0.48, 1),
(423, 128, 5, 0.98752, 1),
(424, 129, 1, 0.94, 1),
(425, 129, 2, 0.984, 1),
(426, 129, 3, 0.8, 1),
(427, 129, 4, 0.9994432, 1),
(428, 129, 5, 0.8, 1),
(429, 130, 1, 0.896, 1),
(430, 130, 2, 0.9995846656, 1),
(431, 130, 3, 0.896, 1),
(432, 130, 4, 0.9653888, 1),
(433, 130, 5, 0.48, 1),
(434, 131, 1, 0.99304, 1),
(435, 131, 2, 0.96, 1),
(436, 131, 3, 0.96, 1),
(437, 131, 4, 0.96, 1),
(438, 131, 5, 0.8, 1),
(439, 132, 1, 0.9964, 1),
(440, 132, 2, 0.96, 1),
(441, 132, 3, 0.96, 1),
(442, 132, 4, 0.96, 1),
(443, 132, 5, 0.8, 1),
(444, 133, 1, 0.96, 1),
(445, 133, 2, 0.999904, 1),
(446, 133, 3, 0.96, 1),
(447, 133, 4, 0.992, 1),
(448, 133, 5, 0.8, 1),
(449, 134, 1, 0.96, 1),
(450, 134, 2, 0.96, 1),
(451, 134, 3, 0.99928, 1),
(452, 134, 4, 0.96, 1),
(453, 134, 5, 0.8, 1),
(454, 135, 1, 0.896, 1),
(455, 135, 2, 0.9653888, 1),
(456, 135, 3, 0.9792, 1),
(457, 135, 4, 0.99879553024, 1),
(458, 135, 5, 0.48, 1),
(459, 136, 5, 0.99232, 1),
(460, 137, 1, 0.8, 1),
(461, 137, 2, 0.8, 1),
(462, 137, 3, 0.8, 1),
(463, 137, 4, 0.8, 1),
(464, 137, 5, 0.992, 1),
(465, 138, 1, 0.982, 1),
(466, 138, 2, 0.98, 1),
(467, 138, 3, 0.8, 1),
(468, 138, 4, 0.8, 1),
(469, 139, 1, 0.96, 1),
(470, 139, 2, 0.9999616, 1),
(471, 139, 3, 0.96, 1),
(472, 139, 4, 0.9968, 1),
(473, 139, 5, 0.8, 1),
(474, 140, 1, 0.96, 1),
(475, 140, 2, 0.9968, 1),
(476, 140, 3, 0.96, 1),
(477, 140, 4, 0.99998848, 1),
(478, 140, 5, 0.8, 1),
(479, 141, 1, 0.96, 1),
(480, 141, 2, 0.96, 1),
(481, 141, 3, 0.99928, 1),
(482, 141, 4, 0.96, 1),
(483, 141, 5, 0.8, 1),
(484, 142, 1, 0.96, 1),
(485, 142, 2, 0.96, 1),
(486, 142, 3, 0.998128, 1),
(487, 142, 4, 0.96, 1),
(488, 142, 5, 0.8, 1),
(489, 143, 3, 0.8, 1),
(490, 143, 4, 0.975664, 1),
(491, 144, 4, 0.8, 1),
(492, 144, 5, 0.9768, 1),
(502, 146, 5, 0.98455808, 1),
(501, 146, 4, 0.8, 1),
(500, 146, 3, 0.8, 1),
(499, 146, 2, 0.8, 1),
(498, 146, 1, 0.8, 1),
(503, 147, 1, 0.7296, 1),
(504, 147, 2, 0.91001088, 1),
(505, 147, 3, 0.7296, 1),
(506, 147, 4, 0.999676039168, 1),
(507, 147, 5, 0.48, 1),
(508, 148, 1, 0.9964, 1),
(509, 148, 2, 0.96, 1),
(510, 148, 3, 0.96, 1),
(511, 148, 4, 0.96, 1),
(512, 148, 5, 0.8, 1),
(513, 149, 1, 0.96, 1),
(514, 149, 2, 0.9999616, 1),
(515, 149, 3, 0.96, 1),
(516, 149, 4, 0.9968, 1),
(517, 149, 5, 0.8, 1),
(518, 150, 1, 0.96, 1),
(519, 150, 2, 0.9968, 1),
(520, 150, 3, 0.96, 1),
(521, 150, 4, 0.99998848, 1),
(522, 150, 5, 0.8, 1),
(523, 151, 1, 0.8, 1),
(524, 151, 2, 0.8, 1),
(525, 151, 3, 0.8, 1),
(526, 151, 4, 0.8, 1),
(527, 151, 5, 0.9744, 1),
(528, 152, 1, 0.896, 1),
(529, 152, 2, 0.9653888, 1),
(530, 152, 3, 0.896, 1),
(531, 152, 4, 0.99878910640128, 1),
(532, 152, 5, 0.8, 1),
(533, 153, 1, 0.9964, 1),
(534, 153, 2, 0.96, 1),
(535, 153, 3, 0.96, 1),
(536, 153, 4, 0.96, 1),
(537, 153, 5, 0.8, 1),
(538, 154, 1, 0.9964, 1),
(539, 154, 2, 0.96, 1),
(540, 154, 3, 0.96, 1),
(541, 154, 4, 0.96, 1),
(542, 154, 5, 0.8, 1),
(543, 155, 5, 0.768, 1),
(544, 156, 1, 0.9964, 1),
(545, 156, 2, 0.96, 1),
(546, 156, 3, 0.96, 1),
(547, 156, 4, 0.96, 1),
(548, 156, 5, 0.8, 1),
(549, 157, 1, 0.96, 1),
(550, 157, 2, 0.9999616, 1),
(551, 157, 3, 0.96, 1),
(552, 157, 4, 0.9968, 1),
(553, 157, 5, 0.8, 1),
(554, 158, 1, 0.96, 1),
(555, 158, 2, 0.9999616, 1),
(556, 158, 3, 0.96, 1),
(557, 158, 4, 0.9968, 1),
(558, 158, 5, 0.8, 1),
(559, 159, 1, 0.96, 1),
(560, 159, 2, 0.96, 1),
(561, 159, 3, 0.99928, 1),
(562, 159, 4, 0.96, 1),
(563, 159, 5, 0.8, 1),
(564, 160, 1, 0.96, 1),
(565, 160, 2, 0.9968, 1),
(566, 160, 3, 0.96, 1),
(567, 160, 4, 0.99998848, 1),
(568, 160, 5, 0.8, 1),
(569, 161, 1, 0.8, 1),
(570, 161, 2, 0.8, 1),
(571, 161, 3, 0.8, 1),
(572, 161, 4, 0.8, 1),
(573, 161, 5, 0.999808, 1),
(574, 162, 1, 0.8, 1),
(575, 162, 2, 0.8, 1),
(576, 162, 3, 0.8, 1),
(577, 162, 4, 0.8, 1),
(578, 162, 5, 0.999808, 1),
(579, 163, 1, 0.96, 1),
(580, 163, 2, 0.9968, 1),
(581, 163, 3, 0.96, 1),
(582, 163, 4, 0.99998848, 1),
(583, 163, 5, 0.8, 1),
(584, 164, 1, 0.96, 1),
(585, 164, 2, 0.96, 1),
(586, 164, 3, 0.99928, 1),
(587, 164, 4, 0.96, 1),
(588, 164, 5, 0.8, 1),
(589, 165, 1, 0.96, 1),
(590, 165, 2, 0.9999616, 1),
(591, 165, 3, 0.96, 1),
(592, 165, 4, 0.9968, 1),
(593, 165, 5, 0.8, 1),
(594, 166, 1, 0.9964, 1),
(595, 166, 2, 0.96, 1),
(596, 166, 3, 0.96, 1),
(597, 166, 4, 0.96, 1),
(598, 166, 5, 0.8, 1),
(635, 175, 5, 0.8, 1),
(634, 175, 4, 0.96, 1),
(633, 175, 3, 0.99928, 1),
(632, 175, 2, 0.96, 1),
(631, 175, 1, 0.96, 1),
(629, 174, 4, 0.9968, 1),
(628, 174, 3, 0.96, 1),
(627, 174, 2, 0.9999616, 1),
(626, 174, 1, 0.96, 1),
(625, 173, 5, 0.8, 1),
(640, 176, 5, 0.8, 1),
(639, 176, 4, 0.9994432, 1),
(638, 176, 3, 0.96, 1),
(637, 176, 2, 0.9968, 1),
(636, 176, 1, 0.96, 1),
(614, 15, 2, 0.1, 1),
(630, 174, 5, 0.8, 1),
(616, 16, 4, 0.9999424, 1),
(624, 173, 4, 0.96, 1),
(623, 173, 3, 0.96, 1),
(622, 173, 2, 0.96, 1),
(621, 173, 1, 0.9964, 1),
(641, 177, 1, 0.9964, 1),
(642, 177, 2, 0.9999616, 1),
(643, 177, 3, 0.99928, 1),
(644, 177, 4, 0.99998848, 1),
(645, 177, 5, 0.999808, 1),
(646, 178, 1, 0.884, 1),
(647, 178, 2, 0.8, 1),
(648, 178, 3, 0.8, 1),
(649, 178, 4, 0.8, 1),
(650, 178, 5, 0.8, 1),
(651, 181, 1, 0.8, 1),
(652, 181, 2, 0.8, 1),
(653, 181, 3, 0.8, 1),
(654, 181, 4, 0.8, 1),
(655, 181, 5, 0.8, 1),
(656, 182, 1, 0.9964, 1),
(657, 182, 2, 0.9999616, 1),
(658, 182, 3, 0.99928, 1),
(659, 182, 4, 0.99998848, 1),
(660, 182, 5, 0.999808, 1);

-- --------------------------------------------------------

--
-- Struktur dari tabel `cf_pengetahuan`
--

CREATE TABLE `cf_pengetahuan` (
  `id_pengetahuan` int(11) NOT NULL,
  `id_penyakit` int(11) NOT NULL,
  `id_gejala` int(11) NOT NULL,
  `mb` double NOT NULL,
  `md` double NOT NULL,
  `cf` double NOT NULL
) ENGINE=MyISAM DEFAULT CHARSET=utf8;

--
-- Dumping data untuk tabel `cf_pengetahuan`
--

INSERT INTO `cf_pengetahuan` (`id_pengetahuan`, `id_penyakit`, `id_gejala`, `mb`, `md`, `cf`) VALUES
(1, 1, 1, 1, 0.2, 0.8),
(2, 1, 2, 0.9, 0.2, 0.7),
(3, 1, 3, 0.8, 0.1, 0.7),
(4, 1, 4, 0.9, 0.1, 0.8),
(5, 2, 5, 1, 0.1, 0.9),
(6, 2, 6, 0.9, 0.3, 0.6),
(7, 2, 7, 0.8, 0.1, 0.7),
(8, 2, 8, 0.9, 0.1, 0.8),
(9, 2, 9, 0.8, 0.2, 0.6),
(10, 3, 10, 0.9, 0.2, 0.7),
(11, 3, 11, 1, 0.3, 0.7),
(12, 3, 12, 0.9, 0.1, 0.8),
(13, 4, 13, 0.8, 0.1, 0.7),
(14, 4, 14, 0.8, 0.1, 0.7),
(15, 4, 15, 1, 0.2, 0.8),
(16, 4, 16, 1, 0.2, 0.8),
(37, 5, 17, 1, 0.1, 0.9),
(38, 5, 18, 0.9, 0.3, 0.6),
(39, 5, 19, 0.8, 0.1, 0.7),
(40, 5, 20, 1, 0.2, 0.8),
(41, 5, 21, 1, 0.4, 0.6),
(30, 4, 9, 0.8, 0.2, 0.6),
(27, 4, 4, 0.9, 0.1, 0.8),
(26, 4, 1, 0.9, 0.1, 0.8),
(25, 3, 4, 0.9, 0.1, 0.8),
(24, 3, 1, 1, 0.2, 0.8),
(23, 2, 4, 0.9, 0.1, 0.8),
(22, 2, 1, 1, 0.2, 0.8),
(36, 5, 1, 1, 0.2, 0.8),
(29, 4, 8, 0.9, 0.1, 0.8);

-- --------------------------------------------------------

--
-- Struktur dari tabel `cf_pengguna`
--

CREATE TABLE `cf_pengguna` (
  `id_pengguna` int(11) NOT NULL,
  `nama` varchar(50) NOT NULL,
  `username` varchar(20) NOT NULL,
  `password` varchar(50) NOT NULL,
  `tipe` int(1) NOT NULL
) ENGINE=MyISAM DEFAULT CHARSET=utf8;

--
-- Dumping data untuk tabel `cf_pengguna`
--

INSERT INTO `cf_pengguna` (`id_pengguna`, `nama`, `username`, `password`, `tipe`) VALUES
(1, 'Dokter Angga', 'pakar', '87b7cf2448de01f22b0c016b272f2ec0', 1),
(4, 'konsul', 'konsul', 'e0f43c20eb7e1895c5b35fac9e28a3bf', 2);

-- --------------------------------------------------------

--
-- Struktur dari tabel `cf_penyakit`
--

CREATE TABLE `cf_penyakit` (
  `id_penyakit` int(11) NOT NULL,
  `kd_penyakit` char(4) NOT NULL,
  `penyakit` varchar(100) NOT NULL,
  `informasi` text NOT NULL,
  `saran` text NOT NULL
) ENGINE=MyISAM DEFAULT CHARSET=utf8;

--
-- Dumping data untuk tabel `cf_penyakit`
--

INSERT INTO `cf_penyakit` (`id_penyakit`, `kd_penyakit`, `penyakit`, `informasi`, `saran`) VALUES
(1, 'P001', 'Karies gigi', 'Karies gigi adalah kerusakan gigi yang ditandai dengan munculnya lubang.\r\n\r\nKaries tak boleh disepelekan. Apabila tidak kunjung diatasi, lubang akan membesar dan mengenai lapisan dalam gigi. Lubang yang kian membesar dapat menyebabkan sakit gigi parah, infeksi, dan gigi copot (tanggal atau lepas sendiri).', 'Pengobatan di rumah untuk mengatasi karies gigi :\r\n\r\nSupaya lubang pada gigi tidak semakin besar, berikut beberapa hal yang perlu Anda lakukan.\r\n\r\nSikat gigi setidaknya 2 kali sehari pada pagi hari setelah sarapan dan malam hari sebelum tidur.\r\nGunakan sikat gigi berbulu lembut dengan kepala sikat yang kecil atau pas di rongga mulut.\r\nGunakan pasta gigi yang mengandung fluoride. Fluoride adalah mineral yang bermanfaat untuk melindungi sekaligus menjaga kekuatan enamel gigi.\r\nBersihkan gigi dengan benang (floss) untuk membersihkan sela-sela gigi setidaknya 1 kali sehari setelah menyikat gigi. \r\nBersihkan pula lidah Anda secara rutin untuk mencegah penumpukkan plak di permukaan lidah.\r\nKumur dengan air atau obat kumur setelah mengonsumsi makanan dan cemilan. \r\nBanyak minum air putih untuk merangsang produksi air liur.\r\nBatasi makanan yang terlalu manis, asin, berlemak, dan mengandung banyak minyak.\r\nPerbanyak makan sayur-sayuran dan buah-buahan.\r\nRajin konsultasi ke dokter gigi untuk pembersihan dan pemeriksaan gigi.\r\nBila ada pertanyaan, konsultasikanlah dengan dokter untuk solusi terbaik masalah Anda.'),
(2, 'P002', 'pulpitis', 'Pulpitis adalah penyebab utama dari sakit gigi dan tanggalnya gigi pada orang-orang yang lebih muda. Pulpitis merupakan peradangan pada pulpa gigi (bagian gigi terdalam yang berisi saraf dan pembuluh darah) dan jaringan periradikular yang mengelilingi akar gigi.\r\nKondisi ini dapat berupa akut atau kronis, dengan atau tanpa gejala. Dalam beberapa kasus, kondisi ini bisa diobati. Namun, kalau sudah parah peradangan pulpa gigi  tidak bisa disembuhkan seperti semula lagi.\r\n', ''),
(3, 'P003', 'gingivitis', 'Periodontitis adalah infeksi gusi serius yang merusak jaringan lunak dan tulang penyokong gigi. Periodontitis disebut juga dengan penyakit gusi. \r\n\r\nPada dasarnya, penyakit gusi muncul sebagai kelanjutan dari gingivitis yang sudah parah. \r\n\r\nBila masih dibiarkan tanpa pengobatan, infeksi ini dapat menyebabkan gigi tanggal (gigi lepas dari gusi) atau masalah kesehatan serius lain seperti serangan jantung dan stroke. ', 'Pencegahan\r\nBagaimana cara mencegah gingivitis?\r\nCara terbaik untuk mencegah gingivitis adalah dengan menjaga kebersihan gigi dan mulut. Saran ini tidak hanya berlaku untuk orang dewasa, tapi juga untuk anak-anak. Semakin dini terbiasa menjaga kebersihan gigi dan mulut akan semakin baik.\r\n\r\nBerikut beberapa langkah mudah membiasakan diri menjaga kebersihan gigi dan mulut setiap hari.\r\n\r\n1. Rajin sikat gigi\r\n2. Berhenti merokok\r\n3. Makan makanan yang bernutrisi\r\n4. Hindari stres\r\n5. rutin periksa kedokter gigi'),
(4, 'P004', 'Periodontitis', 'Periodontitis adalah infeksi gusi yang merusak jaringan lunak dan tulang penyangga gigi. Kondisi ini perlu segera diobati karena dapat menyebabkan gigi tanggal. Periodontitis banyak diderita pada usia remaja.\r\nSaat terjadi periodontitis, bakteri menumpuk sebagai plak pada pangkal gigi, sehingga merusak jaringan di sekitar gigi dan menimbulkan abses gigi, serta berisiko menyebabkan kerusakan gigi.\r\n', ''),
(5, 'P005', 'glosistis', 'Glositis adalah keadaan dimana permukaan lidah terlihat lebih halus atau licin karena bintil-bintil lidah (papillae) nampak menghilang akibat peradangan. Selain itu, seperti halnya peradangan pada bagian tubuh lain, bengkak, lunak dan adanya perubahan warna pada lidah juga terjadi pada glositis.', '');

--
-- Indexes for dumped tables
--

--
-- Indexes for table `cf_gejala`
--
ALTER TABLE `cf_gejala`
  ADD PRIMARY KEY (`id_gejala`);

--
-- Indexes for table `cf_konsultasi`
--
ALTER TABLE `cf_konsultasi`
  ADD PRIMARY KEY (`id_konsultasi`);

--
-- Indexes for table `cf_konsultasi_gejala`
--
ALTER TABLE `cf_konsultasi_gejala`
  ADD PRIMARY KEY (`id_konsultasi_gejala`);

--
-- Indexes for table `cf_konsultasi_hasil`
--
ALTER TABLE `cf_konsultasi_hasil`
  ADD PRIMARY KEY (`id_konsultasi_hasil`);

--
-- Indexes for table `cf_pengetahuan`
--
ALTER TABLE `cf_pengetahuan`
  ADD PRIMARY KEY (`id_pengetahuan`);

--
-- Indexes for table `cf_pengguna`
--
ALTER TABLE `cf_pengguna`
  ADD PRIMARY KEY (`id_pengguna`);

--
-- Indexes for table `cf_penyakit`
--
ALTER TABLE `cf_penyakit`
  ADD PRIMARY KEY (`id_penyakit`);

--
-- AUTO_INCREMENT for dumped tables
--

--
-- AUTO_INCREMENT for table `cf_gejala`
--
ALTER TABLE `cf_gejala`
  MODIFY `id_gejala` int(11) NOT NULL AUTO_INCREMENT, AUTO_INCREMENT=32;
--
-- AUTO_INCREMENT for table `cf_konsultasi`
--
ALTER TABLE `cf_konsultasi`
  MODIFY `id_konsultasi` int(11) NOT NULL AUTO_INCREMENT, AUTO_INCREMENT=183;
--
-- AUTO_INCREMENT for table `cf_konsultasi_gejala`
--
ALTER TABLE `cf_konsultasi_gejala`
  MODIFY `id_konsultasi_gejala` bigint(11) NOT NULL AUTO_INCREMENT, AUTO_INCREMENT=1225;
--
-- AUTO_INCREMENT for table `cf_konsultasi_hasil`
--
ALTER TABLE `cf_konsultasi_hasil`
  MODIFY `id_konsultasi_hasil` bigint(20) NOT NULL AUTO_INCREMENT, AUTO_INCREMENT=661;
--
-- AUTO_INCREMENT for table `cf_pengetahuan`
--
ALTER TABLE `cf_pengetahuan`
  MODIFY `id_pengetahuan` int(11) NOT NULL AUTO_INCREMENT, AUTO_INCREMENT=47;
--
-- AUTO_INCREMENT for table `cf_pengguna`
--
ALTER TABLE `cf_pengguna`
  MODIFY `id_pengguna` int(11) NOT NULL AUTO_INCREMENT, AUTO_INCREMENT=5;
--
-- AUTO_INCREMENT for table `cf_penyakit`
--
ALTER TABLE `cf_penyakit`
  MODIFY `id_penyakit` int(11) NOT NULL AUTO_INCREMENT, AUTO_INCREMENT=6;
/*!40101 SET CHARACTER_SET_CLIENT=@OLD_CHARACTER_SET_CLIENT */;
/*!40101 SET CHARACTER_SET_RESULTS=@OLD_CHARACTER_SET_RESULTS */;
/*!40101 SET COLLATION_CONNECTION=@OLD_COLLATION_CONNECTION */;
